customer_id,name,age,email,phone,text,product_code
1,John Doe,25,john.doe@example.com,(123) 456-7890,"The event will be held on 2024-07-04.",PRD-12345-XYZ
2,Jane Smith,34,jane.smith@example.org,(987) 654-3210,"Next meeting is scheduled for 2023-12-15.",PRD-67890-ABC
3,Bob Johnson,17,bob.johnson@example.net,123-456-7890,"Project deadline: 2024-09-30.",PRD-54321-DEF
4,Alice Williams,42,alice.williams@sample.com,(123)456-7890,"No date mentioned here.",PRD-09876-GHI
5,Chris Davis,28,chris.davis@test.org,(123) 456-789a,"Event date is 2025-01-01.",PRD-11223-JKL
6,David Brown,,david.brown@example.com,(555) 555-5555,"Hello, World!",PRD-67890-MNO
7,Emily Wilson,23,emily.wilson@example.com,(444) 444-4444,"PySpark   is   awesome.",PRD-54321-PQR
8,Michael Taylor,51,,(333) 333-3333,"Regular expressions  are  powerful.",PRD-09876-STU
9,Sarah Lee,45,sarah.lee@example.com,(222) 222-2222,"Clean  this  text.",PRD-11223-VWX
10,Paul Martinez,29,paul.martinez@example.com,(111) 111-1111,"Spark & Databricks!!!",PRD-12345-XYZ