{"customer_id":"C00301","email":"thomas.lane@gmail.com","profile":"{\"first_name\":\"Thomas\",\"last_name\":\"Lane\",\"gender\":\"Male\",\"address\":{\"street\":\"06 Boulevard Victor Hugo\",\"city\":\"Paris\",\"country\":\"France\"}}","updated":"2021-12-14T23:15:43.375Z"}
{"customer_id":"C00302","email":"ocolegatele@blogger.com","profile":"{\"first_name\":\"Odilia\",\"last_name\":\"Colegate\",\"gender\":\"Female\",\"address\":{\"street\":\"07 Sommers Parkway\",\"city\":\"Lyon\",\"country\":\"France\"}}","updated":"2021-12-14T23:15:43.375Z"}
{"customer_id":"C00303","email":"acolledged2@nbcnews.com","profile":"{\"first_name\":\"Andros\",\"last_name\":\"Colledge\",\"gender\":\"Male\",\"address\":{\"street\":\"342 Katie Center\",\"city\":\"Gort\",\"country\":\"Ireland\"}}","updated":"2021-12-14T23:15:43.375Z"}
{"customer_id":"C00304","profile":"{\"first_name\":\"Iver\",\"last_name\":\"Collet\",\"gender\":\"Male\",\"address\":{\"street\":\"12126 Union Point\",\"city\":\"Iguape\",\"country\":\"Brazil\"}}","updated":"2021-12-14T23:15:43.375Z"}
{"customer_id":"C00305","email":"pcollier5r@cmu.edu","profile":"{\"first_name\":\"Page\",\"last_name\":\"Collier\",\"gender\":\"Male\",\"address\":{\"street\":\"3 Farragut Lane\",\"city\":\"Berlin\",\"country\":\"Germany\"}}","updated":"2021-12-14T23:15:43.375Z"}
{"customer_id":"C00306","profile":"{\"first_name\":\"Tally\",\"last_name\":\"Collins\",\"gender\":\"Male\",\"address\":{\"street\":\"4 Hovde Park\",\"city\":\"Cairo\",\"country\":\"Egypt\"}}","updated":"2021-12-14T23:15:43.375Z"}
{"customer_id":"C00307","email":"lcollocottcm@t-online.de","profile":"{\"first_name\":\"Leupold\",\"last_name\":\"Collocott\",\"gender\":\"Male\",\"address\":{\"street\":\"917 Stephen Circle\",\"city\":\"Dzerzhinskiy\",\"country\":\"Russia\"}}","updated":"2021-12-14T23:15:43.375Z"}
{"customer_id":"C00308","email":"icolloughfa@prweb.com","profile":"{\"first_name\":\"Inesita\",\"last_name\":\"Collough\",\"gender\":\"Female\",\"address\":{\"street\":\"7910 Delladonna Street\",\"city\":\"Osoyoos\",\"country\":\"Canada\"}}","updated":"2021-12-14T23:15:43.375Z"}
{"customer_id":"C00309","email":"jcollymore4n@pcworld.com","profile":"{\"first_name\":\"Joelle\",\"last_name\":\"Collymore\",\"gender\":\"Female\",\"address\":{\"street\":\"19 Dayton Court\",\"city\":\"Yidu\",\"country\":\"China\"}}","updated":"2021-12-14T23:15:43.375Z"}
{"customer_id":"C00310","email":"gcolnetef@japanpost.jp","profile":"{\"first_name\":\"Goldi\",\"last_name\":\"Colnet\",\"gender\":\"Female\",\"address\":{\"street\":\"710 Knutson Place\",\"city\":\"Suso\",\"country\":\"Philippines\"}}","updated":"2021-12-14T23:15:43.375Z"}
{"customer_id":"C00311","email":"bcolpusin@quantcast.com","profile":"{\"first_name\":\"Brannon\",\"last_name\":\"Colpus\",\"gender\":\"Male\",\"address\":{\"street\":\"76876 Buena Vista Point\",\"city\":\"Mingjiu\",\"country\":\"China\"}}","updated":"2021-12-14T23:15:43.375Z"}
{"customer_id":"C00312","profile":"{\"first_name\":\"Lin\",\"last_name\":\"Colter\",\"gender\":\"Female\",\"address\":{\"street\":\"6 Farwell Parkway\",\"city\":\"Pensacola\",\"country\":\"United States\"}}","updated":"2021-12-14T23:15:43.375Z"}
{"customer_id":"C00313","profile":"{\"first_name\":\"Fern\",\"last_name\":\"Comley\",\"gender\":\"Genderfluid\",\"address\":{\"street\":\"1 Ridgeway Street\",\"city\":\"Mahajanga\",\"country\":\"Madagascar\"}}","updated":"2021-12-14T23:15:43.375Z"}
{"customer_id":"C00314","email":"hcondonjq@youtu.be","profile":"{\"first_name\":\"Hermy\",\"last_name\":\"Condon\",\"gender\":\"Male\",\"address\":{\"street\":\"77476 Cottonwood Point\",\"city\":\"Tiznit\",\"country\":\"Morocco\"}}","updated":"2021-12-14T23:15:43.375Z"}
{"customer_id":"C00315","email":"cconellyff@amazonaws.com","profile":"{\"first_name\":\"Cahra\",\"last_name\":\"Conelly\",\"gender\":\"Female\",\"address\":{\"street\":\"98 East Street\",\"city\":\"Klakeh\",\"country\":\"Indonesia\"}}","updated":"2021-12-14T23:15:43.375Z"}
{"customer_id":"C00316","profile":"{\"first_name\":\"Darb\",\"last_name\":\"Conigsby\",\"gender\":\"Male\",\"address\":{\"street\":\"97897 Cardinal Court\",\"city\":\"Huangtan\",\"country\":\"China\"}}","updated":"2021-12-14T23:15:43.375Z"}
{"customer_id":"C00317","profile":"{\"first_name\":\"Sullivan\",\"last_name\":\"Connerry\",\"gender\":\"Male\",\"address\":{\"street\":\"0 Surrey Way\",\"city\":\"Iguatu\",\"country\":\"Brazil\"}}","updated":"2021-12-14T23:15:43.375Z"}
{"customer_id":"C00318","email":"nconquere1@xinhuanet.com","profile":"{\"first_name\":\"Nap\",\"last_name\":\"Conquer\",\"gender\":\"Male\",\"address\":{\"street\":\"2464 Quincy Alley\",\"city\":\"Khōshī\",\"country\":\"Afghanistan\"}}","updated":"2021-12-14T23:15:43.375Z"}
{"customer_id":"C00319","email":"jcoppeard9g@amazon.co.jp","profile":"{\"first_name\":\"Juliette\",\"last_name\":\"Coppeard\",\"gender\":\"Female\",\"address\":{\"street\":\"279 Lukken Parkway\",\"city\":\"Yecun\",\"country\":\"China\"}}","updated":"2021-12-14T23:15:43.375Z"}
{"customer_id":"C00320","email":"bcorderyqk@economist.com","profile":"{\"first_name\":\"Bonni\",\"last_name\":\"Cordery\",\"gender\":\"Female\",\"address\":{\"street\":\"0 Charing Cross Lane\",\"city\":\"Tuzhu\",\"country\":\"China\"}}","updated":"2021-12-14T23:15:43.375Z"}
{"customer_id":"C00321","email":"kcornew4a@deviantart.com","profile":"{\"first_name\":\"Kristo\",\"last_name\":\"Cornew\",\"gender\":\"Male\",\"address\":{\"street\":\"48043 Holy Cross Drive\",\"city\":\"Yeroẖam\",\"country\":\"Israel\"}}","updated":"2021-12-14T23:15:43.375Z"}
{"customer_id":"C00322","email":"mcornewell8u@imageshack.us","profile":"{\"first_name\":\"Morey\",\"last_name\":\"Cornewell\",\"gender\":\"Male\",\"address\":{\"street\":\"3 Larry Center\",\"city\":\"Ōzu\",\"country\":\"Japan\"}}","updated":"2021-12-14T23:15:43.375Z"}
{"customer_id":"C00323","email":"rcorradeschi7z@tiny.cc","profile":"{\"first_name\":\"Reg\",\"last_name\":\"Corradeschi\",\"gender\":\"Non-binary\",\"address\":{\"street\":\"6 La Follette Terrace\",\"city\":\"Rautjärvi\",\"country\":\"Finland\"}}","updated":"2021-12-14T23:15:43.375Z"}
{"customer_id":"C00324","profile":"{\"first_name\":\"Paulette\",\"last_name\":\"Corter\",\"gender\":\"Female\",\"address\":{\"street\":\"03231 Sommers Court\",\"city\":\"San Bernardo\",\"country\":\"Philippines\"}}","updated":"2021-12-14T23:15:43.375Z"}
{"customer_id":"C00325","email":"mcorteseha@wunderground.com","profile":"{\"first_name\":\"Mendy\",\"last_name\":\"Cortese\",\"gender\":\"Bigender\",\"address\":{\"street\":\"89 Milwaukee Circle\",\"city\":\"Donji Vakuf\",\"country\":\"Bosnia and Herzegovina\"}}","updated":"2021-12-14T23:15:43.375Z"}
{"customer_id":"C00326","profile":"{\"first_name\":\"Ginevra\",\"last_name\":\"Cosker\",\"gender\":\"Female\",\"address\":{\"street\":\"075 Cottonwood Hill\",\"city\":\"Tānk\",\"country\":\"Pakistan\"}}","updated":"2021-12-14T23:15:43.375Z"}
{"customer_id":"C00327","email":"scoskerryei@marketwatch.com","profile":"{\"first_name\":\"Sula\",\"last_name\":\"Coskerry\",\"gender\":\"Female\",\"address\":{\"street\":\"7027 Karstens Avenue\",\"city\":\"Nanqiao\",\"country\":\"China\"}}","updated":"2021-12-14T23:15:43.375Z"}
{"customer_id":"C00328","profile":"{\"first_name\":\"Perry\",\"last_name\":\"Coslett\",\"gender\":\"Female\",\"address\":{\"street\":\"45878 Buhler Park\",\"city\":\"Radzanów\",\"country\":\"Poland\"}}","updated":"2021-12-14T23:15:43.375Z"}
{"customer_id":"C00329","email":"lcoslitt6o@desdev.cn","profile":"{\"first_name\":\"Leela\",\"last_name\":\"Coslitt\",\"gender\":\"Female\",\"address\":{\"street\":\"6 Ridgeview Way\",\"city\":\"San Carlos\",\"country\":\"Colombia\"}}","updated":"2021-12-14T23:15:43.375Z"}
{"customer_id":"C00330","email":"dcosslettkc@bing.com","profile":"{\"first_name\":\"Donalt\",\"last_name\":\"Cosslett\",\"gender\":\"Male\",\"address\":{\"street\":\"753 Moland Court\",\"city\":\"Kalajoki\",\"country\":\"Finland\"}}","updated":"2021-12-14T23:15:43.375Z"}
{"customer_id":"C00331","email":"tcosson59@etsy.com","profile":"{\"first_name\":\"Trixi\",\"last_name\":\"Cosson\",\"gender\":\"Female\",\"address\":{\"street\":\"2 Surrey Court\",\"city\":\"Hilversum\",\"country\":\"Netherlands\"}}","updated":"2021-12-14T23:15:43.375Z"}
{"customer_id":"C00332","email":"acottage5i@google.ca","profile":"{\"first_name\":\"Albertine\",\"last_name\":\"Cottage\",\"gender\":\"Genderqueer\",\"address\":{\"street\":\"82 Morningstar Hill\",\"city\":\"Diffa\",\"country\":\"Niger\"}}","updated":"2021-12-14T23:15:43.375Z"}
{"customer_id":"C00333","email":"ecottey1x@oracle.com","profile":"{\"first_name\":\"Etheline\",\"last_name\":\"Cottey\",\"gender\":\"Female\",\"address\":{\"street\":\"3 Eggendart Place\",\"city\":\"Jambesari\",\"country\":\"Indonesia\"}}","updated":"2021-12-14T23:15:43.375Z"}
{"customer_id":"C00334","email":"scoughand5@dion.ne.jp","profile":"{\"first_name\":\"Salvatore\",\"last_name\":\"Coughan\",\"gender\":\"Male\",\"address\":{\"street\":\"452 Westport Way\",\"city\":\"Hexi\",\"country\":\"China\"}}","updated":"2021-12-14T23:15:43.375Z"}
{"customer_id":"C00335","email":"scoulmanpn@topsy.com","profile":"{\"first_name\":\"Silvanus\",\"last_name\":\"Coulman\",\"gender\":\"Agender\",\"address\":{\"street\":\"4319 Prairieview Crossing\",\"city\":\"Hengdian\",\"country\":\"China\"}}","updated":"2021-12-14T23:15:43.375Z"}
{"customer_id":"C00336","email":"acourvertlt@amazon.de","profile":"{\"first_name\":\"Annmaria\",\"last_name\":\"Courvert\",\"gender\":\"Polygender\",\"address\":{\"street\":\"73111 Fair Oaks Trail\",\"city\":\"Atocha\",\"country\":\"Bolivia\"}}","updated":"2021-12-14T23:15:43.375Z"}
{"customer_id":"C00337","email":"jcouthj1@businessinsider.com","profile":"{\"first_name\":\"Jojo\",\"last_name\":\"Couth\",\"gender\":\"Female\",\"address\":{\"street\":\"01 Little Fleur Center\",\"city\":\"Lainqu\",\"country\":\"China\"}}","updated":"2021-12-14T23:15:43.375Z"}
{"customer_id":"C00338","email":"gcovenylz@domainmarket.com","profile":"{\"first_name\":\"Gardy\",\"last_name\":\"Coveny\",\"gender\":\"Male\",\"address\":{\"street\":\"6022 Crescent Oaks Drive\",\"city\":\"Senta\",\"country\":\"Serbia\"}}","updated":"2021-12-14T23:15:43.375Z"}
{"customer_id":"C00339","email":"acovottoc9@theatlantic.com","profile":"{\"first_name\":\"Alyson\",\"last_name\":\"Covotto\",\"gender\":\"Female\",\"address\":{\"street\":\"44001 Gateway Drive\",\"city\":\"Castleblayney\",\"country\":\"Ireland\"}}","updated":"2021-12-14T23:15:43.375Z"}
{"customer_id":"C00340","email":"kcoxon79@slashdot.org","profile":"{\"first_name\":\"Krispin\",\"last_name\":\"Coxon\",\"gender\":\"Male\",\"address\":{\"street\":\"7806 Northfield Way\",\"city\":\"Beigou\",\"country\":\"China\"}}","updated":"2021-12-14T23:15:43.375Z"}
{"customer_id":"C00341","email":"rcradey7c@issuu.com","profile":"{\"first_name\":\"Rem\",\"last_name\":\"Cradey\",\"gender\":\"Male\",\"address\":{\"street\":\"9 Holmberg Terrace\",\"city\":\"Kogota\",\"country\":\"Japan\"}}","updated":"2021-12-14T23:15:43.375Z"}
{"customer_id":"C00342","email":"gcranagehy@narod.ru","profile":"{\"first_name\":\"Gracie\",\"last_name\":\"Cranage\",\"gender\":\"Female\",\"address\":{\"street\":\"06689 Lyons Parkway\",\"city\":\"Potrerillos\",\"country\":\"Honduras\"}}","updated":"2021-12-14T23:15:43.375Z"}
{"customer_id":"C00343","profile":"{\"first_name\":\"Ignaz\",\"last_name\":\"Creser\",\"gender\":\"Male\",\"address\":{\"street\":\"06223 Mosinee Circle\",\"city\":\"Batas Barat\",\"country\":\"Indonesia\"}}","updated":"2021-12-14T23:15:43.375Z"}
{"customer_id":"C00344","email":"ccridlango@lulu.com","profile":"{\"first_name\":\"Caldwell\",\"last_name\":\"Cridlan\",\"gender\":\"Male\",\"address\":{\"street\":\"5 Upham Street\",\"city\":\"Amiens\",\"country\":\"France\"}}","updated":"2021-12-14T23:15:43.375Z"}
{"customer_id":"C00345","email":"hcroixbg@epa.gov","profile":"{\"first_name\":\"Heywood\",\"last_name\":\"Croix\",\"gender\":\"Male\",\"address\":{\"street\":\"95156 Ryan Park\",\"city\":\"Mineralnye Vody\",\"country\":\"Russia\"}}","updated":"2021-12-14T23:15:43.375Z"}
{"customer_id":"C00346","profile":"{\"first_name\":\"Tallia\",\"last_name\":\"Cromley\",\"gender\":\"Female\",\"address\":{\"street\":\"5631 Crest Line Terrace\",\"city\":\"Lüfeng\",\"country\":\"China\"}}","updated":"2021-12-14T23:15:43.375Z"}
{"customer_id":"C00347","profile":"{\"first_name\":\"Henderson\",\"last_name\":\"Crook\",\"gender\":\"Male\",\"address\":{\"street\":\"1377 Michigan Lane\",\"city\":\"Lachute\",\"country\":\"Canada\"}}","updated":"2021-12-14T23:15:43.375Z"}
{"customer_id":"C00348","email":"rcroshawll@yahoo.co.jp","profile":"{\"first_name\":\"Reta\",\"last_name\":\"Croshaw\",\"gender\":\"Female\",\"address\":{\"street\":\"45 Esch Avenue\",\"city\":\"Luzern\",\"country\":\"Switzerland\"}}","updated":"2021-12-14T23:15:43.375Z"}
{"customer_id":"C00349","profile":"{\"first_name\":\"Erskine\",\"last_name\":\"Crosskell\",\"gender\":\"Male\",\"address\":{\"street\":\"74 Kropf Place\",\"city\":\"Engel’s\",\"country\":\"Russia\"}}","updated":"2021-12-14T23:15:43.375Z"}
{"customer_id":"C00350","profile":"{\"first_name\":\"Shirlene\",\"last_name\":\"Crosskill\",\"gender\":\"Female\",\"address\":{\"street\":\"85630 Mifflin Road\",\"city\":\"Huangtan\",\"country\":\"China\"}}","updated":"2021-12-14T23:15:43.375Z"}
{"customer_id":"C00351","email":"mcrossley6r@mapy.cz","profile":"{\"first_name\":\"Millard\",\"last_name\":\"Crossley\",\"gender\":\"Male\",\"address\":{\"street\":\"34765 Bunker Hill Pass\",\"city\":\"Flushing\",\"country\":\"United States\"}}","updated":"2021-12-14T23:15:43.375Z"}
{"customer_id":"C00352","email":"lcrotch7c@pbs.org","profile":"{\"first_name\":\"Lelah\",\"last_name\":\"Crotch\",\"gender\":\"Female\",\"address\":{\"street\":\"3 Jay Terrace\",\"city\":\"Bŭstonqal’a\",\"country\":\"Tajikistan\"}}","updated":"2021-12-14T23:15:43.375Z"}
{"customer_id":"C00353","email":"gcruess1s@vkontakte.ru","profile":"{\"first_name\":\"Gregorius\",\"last_name\":\"Cruess\",\"gender\":\"Male\",\"address\":{\"street\":\"9 Hermina Road\",\"city\":\"Ryjewo\",\"country\":\"Poland\"}}","updated":"2021-12-14T23:15:43.375Z"}
{"customer_id":"C00354","email":"scrummy9e@deliciousdays.com","profile":"{\"first_name\":\"Sandy\",\"last_name\":\"Crummy\",\"gender\":\"Male\",\"address\":{\"street\":\"9633 Ramsey Parkway\",\"city\":\"Huangzhai\",\"country\":\"China\"}}","updated":"2021-12-14T23:15:43.375Z"}
{"customer_id":"C00355","email":"bcuberleyqp@clickbank.net","profile":"{\"first_name\":\"Brandais\",\"last_name\":\"Cuberley\",\"gender\":\"Female\",\"address\":{\"street\":\"711 Sloan Junction\",\"city\":\"Chengxiang\",\"country\":\"China\"}}","updated":"2021-12-14T23:15:43.375Z"}
{"customer_id":"C00356","email":"rcuddonga@sciencedaily.com","profile":"{\"first_name\":\"Robina\",\"last_name\":\"Cuddon\",\"gender\":\"Polygender\",\"address\":{\"street\":\"355 Kipling Lane\",\"city\":\"Maragogipe\",\"country\":\"Brazil\"}}","updated":"2021-12-14T23:15:43.375Z"}
{"customer_id":"C00357","email":"hculliganhv@feedburner.com","profile":"{\"first_name\":\"Harris\",\"last_name\":\"Culligan\",\"gender\":\"Male\",\"address\":{\"street\":\"53263 Lakewood Plaza\",\"city\":\"Shijia\",\"country\":\"China\"}}","updated":"2021-12-14T23:15:43.375Z"}
{"customer_id":"C00358","email":"scullington3z@so-net.ne.jp","profile":"{\"first_name\":\"Sullivan\",\"last_name\":\"Cullington\",\"gender\":\"Male\",\"address\":{\"street\":\"270 Union Hill\",\"city\":\"Trollhättan\",\"country\":\"Sweden\"}}","updated":"2021-12-14T23:15:43.375Z"}
{"customer_id":"C00359","profile":"{\"first_name\":\"Hugibert\",\"last_name\":\"Cullingworth\",\"gender\":\"Genderqueer\",\"address\":{\"street\":\"066 Oneill Point\",\"city\":\"Chābahār\",\"country\":\"Iran\"}}","updated":"2021-12-14T23:15:43.375Z"}
{"customer_id":"C00360","profile":"{\"first_name\":\"Tracie\",\"last_name\":\"Cumes\",\"gender\":\"Male\",\"address\":{\"street\":\"9731 Armistice Circle\",\"city\":\"Wolbrom\",\"country\":\"Poland\"}}","updated":"2021-12-14T23:15:43.375Z"}
{"customer_id":"C00361","email":"hcummungsd9@youku.com","profile":"{\"first_name\":\"Hy\",\"last_name\":\"Cummungs\",\"gender\":\"Male\",\"address\":{\"street\":\"94787 Jackson Plaza\",\"city\":\"Lupane\",\"country\":\"Zimbabwe\"}}","updated":"2021-12-14T23:15:43.375Z"}
{"customer_id":"C00362","email":"acunningham6u@telegraph.co.uk","profile":"{\"first_name\":\"Aleta\",\"last_name\":\"Cunningham\",\"gender\":\"Female\",\"address\":{\"street\":\"504 Kings Road\",\"city\":\"Desa Borogojol\",\"country\":\"Indonesia\"}}","updated":"2021-12-14T23:15:43.375Z"}
{"customer_id":"C00363","email":"vcurner4c@berkeley.edu","profile":"{\"first_name\":\"Virgina\",\"last_name\":\"Curner\",\"gender\":\"Female\",\"address\":{\"street\":\"5032 Emmet Point\",\"city\":\"Rędziny\",\"country\":\"Poland\"}}","updated":"2021-12-14T23:15:43.375Z"}
{"customer_id":"C00364","profile":"{\"first_name\":\"Francisco\",\"last_name\":\"Curnick\",\"gender\":\"Male\",\"address\":{\"street\":\"754 Dottie Way\",\"city\":\"San Pascual\",\"country\":\"Philippines\"}}","updated":"2021-12-14T23:15:43.375Z"}
{"customer_id":"C00365","profile":"{\"first_name\":\"Spencer\",\"last_name\":\"Currm\",\"gender\":\"Male\",\"address\":{\"street\":\"67080 Rieder Junction\",\"city\":\"Pasatan\",\"country\":\"Indonesia\"}}","updated":"2021-12-14T23:15:43.375Z"}
{"customer_id":"C00366","profile":"{\"first_name\":\"Shandie\",\"last_name\":\"Cusworth\",\"gender\":\"Female\",\"address\":{\"street\":\"992 La Follette Avenue\",\"city\":\"Kuala Lumpur\",\"country\":\"Malaysia\"}}","updated":"2021-12-14T23:15:43.375Z"}
{"customer_id":"C00367","email":"rcyphus36@mapquest.com","profile":"{\"first_name\":\"Romola\",\"last_name\":\"Cyphus\",\"gender\":\"Female\",\"address\":{\"street\":\"73 Schmedeman Point\",\"city\":\"Jirjā\",\"country\":\"Egypt\"}}","updated":"2021-12-14T23:15:43.375Z"}
{"customer_id":"C00368","email":"sdacosta9m@themeforest.net","profile":"{\"first_name\":\"Skye\",\"last_name\":\"Da Costa\",\"gender\":\"Male\",\"address\":{\"street\":\"462 Kipling Way\",\"city\":\"Hujiaying\",\"country\":\"China\"}}","updated":"2021-12-14T23:15:43.375Z"}
{"customer_id":"C00369","email":"pdablinb5@redcross.org","profile":"{\"first_name\":\"Philippine\",\"last_name\":\"Dablin\",\"gender\":\"Female\",\"address\":{\"street\":\"22 School Terrace\",\"city\":\"Nowy Staw\",\"country\":\"Poland\"}}","updated":"2021-12-14T23:15:43.375Z"}
{"customer_id":"C00370","email":"fdaddli@google.com.br","profile":"{\"first_name\":\"Frederigo\",\"last_name\":\"Dadd\",\"gender\":\"Male\",\"address\":{\"street\":\"099 Maple Wood Parkway\",\"city\":\"Longchiqiao\",\"country\":\"China\"}}","updated":"2021-12-14T23:15:43.375Z"}
{"customer_id":"C00371","email":"vdaddsri@ocn.ne.jp","profile":"{\"first_name\":\"Vassili\",\"last_name\":\"Dadds\",\"gender\":\"Male\",\"address\":{\"street\":\"5227 Rowland Center\",\"city\":\"Köln\",\"country\":\"Germany\"}}","updated":"2021-12-14T23:15:43.375Z"}
{"customer_id":"C00372","profile":"{\"first_name\":\"Mannie\",\"last_name\":\"Dainter\",\"gender\":\"Male\",\"address\":{\"street\":\"82632 Twin Pines Plaza\",\"city\":\"Peruc\",\"country\":\"Czech Republic\"}}","updated":"2021-12-14T23:15:43.375Z"}
{"customer_id":"C00373","email":"ndallossokx@mac.com","profile":"{\"first_name\":\"Ned\",\"last_name\":\"Dallosso\",\"gender\":\"Male\",\"address\":{\"street\":\"7291 Cordelia Pass\",\"city\":\"Maguyam\",\"country\":\"Philippines\"}}","updated":"2021-12-14T23:15:43.375Z"}
{"customer_id":"C00374","email":"mdallossopt@house.gov","profile":"{\"first_name\":\"Mario\",\"last_name\":\"Dallosso\",\"gender\":\"Male\",\"address\":{\"street\":\"12 Village Green Avenue\",\"city\":\"Longkali\",\"country\":\"Indonesia\"}}","updated":"2021-12-14T23:15:43.375Z"}
{"customer_id":"C00375","email":"mdameiseleqg@google.de","profile":"{\"first_name\":\"Margy\",\"last_name\":\"Dameisele\",\"gender\":\"Bigender\",\"address\":{\"street\":\"9766 Sunnyside Trail\",\"city\":\"Tostado\",\"country\":\"Argentina\"}}","updated":"2021-12-14T23:15:43.375Z"}
{"customer_id":"C00376","email":"mdamerell1@hc360.com","profile":"{\"first_name\":\"Mano\",\"last_name\":\"Damerell\",\"gender\":\"Male\",\"address\":{\"street\":\"1 Village Green Terrace\",\"city\":\"Kopidlno\",\"country\":\"Czech Republic\"}}","updated":"2021-12-14T23:15:43.375Z"}
{"customer_id":"C00377","email":"ydanes4n@cloudflare.com","profile":"{\"first_name\":\"Yurik\",\"last_name\":\"Danes\",\"gender\":\"Male\",\"address\":{\"street\":\"90766 Mosinee Trail\",\"city\":\"Ntobo\",\"country\":\"Indonesia\"}}","updated":"2021-12-14T23:15:43.375Z"}
{"customer_id":"C00378","email":"kdaniells6g@angelfire.com","profile":"{\"first_name\":\"Koenraad\",\"last_name\":\"Daniells\",\"gender\":\"Male\",\"address\":{\"street\":\"6353 Banding Parkway\",\"city\":\"‘Alīābād-e Katūl\",\"country\":\"Iran\"}}","updated":"2021-12-14T23:15:43.375Z"}
{"customer_id":"C00379","email":"edarkinat@google.pl","profile":"{\"first_name\":\"Ellsworth\",\"last_name\":\"Darkin\",\"gender\":\"Male\",\"address\":{\"street\":\"01 Amoth Center\",\"city\":\"Tutnae\",\"country\":\"Indonesia\"}}","updated":"2021-12-14T23:15:43.375Z"}
{"customer_id":"C00380","profile":"{\"first_name\":\"Othella\",\"last_name\":\"Darkins\",\"gender\":\"Female\",\"address\":{\"street\":\"01611 Blaine Junction\",\"city\":\"Sattahip\",\"country\":\"Thailand\"}}","updated":"2021-12-14T23:15:43.375Z"}
{"customer_id":"C00381","email":"adarwencb@amazonaws.com","profile":"{\"first_name\":\"Austen\",\"last_name\":\"Darwen\",\"gender\":\"Male\",\"address\":{\"street\":\"641 Corscot Trail\",\"city\":\"Oebai\",\"country\":\"Indonesia\"}}","updated":"2021-12-14T23:15:43.375Z"}
{"customer_id":"C00382","profile":"{\"first_name\":\"Donalt\",\"last_name\":\"Dash\",\"gender\":\"Male\",\"address\":{\"street\":\"9384 Village Green Parkway\",\"city\":\"Luocun\",\"country\":\"China\"}}","updated":"2021-12-14T23:15:43.375Z"}
{"customer_id":"C00383","email":"mdavidsonie@hhs.gov","profile":"{\"first_name\":\"Matty\",\"last_name\":\"Davidson\",\"gender\":\"Female\",\"address\":{\"street\":\"212 Caliangt Pass\",\"city\":\"Alīpur\",\"country\":\"Pakistan\"}}","updated":"2021-12-14T23:15:43.375Z"}
{"customer_id":"C00384","profile":"{\"first_name\":\"Clem\",\"last_name\":\"De Coursey\",\"gender\":\"Female\",\"address\":{\"street\":\"66410 Monterey Terrace\",\"city\":\"Yuncheng\",\"country\":\"China\"}}","updated":"2021-12-14T23:15:43.375Z"}
{"customer_id":"C00385","email":"gdematteid5@virginia.edu","profile":"{\"first_name\":\"Gina\",\"last_name\":\"De Mattei\",\"gender\":\"Female\",\"address\":{\"street\":\"7842 South Drive\",\"city\":\"Zhangping\",\"country\":\"China\"}}","updated":"2021-12-14T23:15:43.375Z"}
{"customer_id":"C00386","profile":"{\"first_name\":\"Layne\",\"last_name\":\"De Vaar\",\"gender\":\"Female\",\"address\":{\"street\":\"216 Commercial Place\",\"city\":\"Wręczyca Wielka\",\"country\":\"Poland\"}}","updated":"2021-12-14T23:15:43.375Z"}
{"customer_id":"C00387","email":"tdecayettedm@altervista.org","profile":"{\"first_name\":\"Templeton\",\"last_name\":\"Decayette\",\"gender\":\"Male\",\"address\":{\"street\":\"4 Knutson Street\",\"city\":\"Ashbourne\",\"country\":\"Ireland\"}}","updated":"2021-12-14T23:15:43.375Z"}
{"customer_id":"C00388","email":"ddecourter@vimeo.com","profile":"{\"first_name\":\"Daphne\",\"last_name\":\"Decourt\",\"gender\":\"Female\",\"address\":{\"street\":\"7867 Mcbride Pass\",\"city\":\"Wang Sai Phun\",\"country\":\"Thailand\"}}","updated":"2021-12-14T23:15:43.375Z"}
{"customer_id":"C00389","email":"mdecroix2s@senate.gov","profile":"{\"first_name\":\"May\",\"last_name\":\"Decroix\",\"gender\":\"Female\",\"address\":{\"street\":\"3 Ohio Way\",\"city\":\"Orosh\",\"country\":\"Albania\"}}","updated":"2021-12-14T23:15:43.375Z"}
{"customer_id":"C00390","email":"sdeemanmu@instagram.com","profile":"{\"first_name\":\"Sherwynd\",\"last_name\":\"Deeman\",\"gender\":\"Bigender\",\"address\":{\"street\":\"1 Orin Junction\",\"city\":\"Masuda\",\"country\":\"Japan\"}}","updated":"2021-12-14T23:15:43.375Z"}
{"customer_id":"C00391","email":"mdeeringl@flickr.com","profile":"{\"first_name\":\"Manny\",\"last_name\":\"Deering\",\"gender\":\"Male\",\"address\":{\"street\":\"03 Scott Point\",\"city\":\"Nginjen\",\"country\":\"Indonesia\"}}","updated":"2021-12-14T23:15:43.375Z"}
{"customer_id":"C00392","email":"ddeluce3v@prweb.com","profile":"{\"first_name\":\"Doralia\",\"last_name\":\"Deluce\",\"gender\":\"Female\",\"address\":{\"street\":\"65313 Prairieview Plaza\",\"city\":\"Espírito Santo do Pinhal\",\"country\":\"Brazil\"}}","updated":"2021-12-14T23:15:43.375Z"}
{"customer_id":"C00393","email":"wdenseyle@timesonline.co.uk","profile":"{\"first_name\":\"Weber\",\"last_name\":\"Densey\",\"gender\":\"Male\",\"address\":{\"street\":\"39 Oak Center\",\"city\":\"Kuching\",\"country\":\"Malaysia\"}}","updated":"2021-12-14T23:15:43.375Z"}
{"customer_id":"C00394","profile":"{\"first_name\":\"Larry\",\"last_name\":\"Denver\",\"gender\":\"Male\",\"address\":{\"street\":\"25 Granby Avenue\",\"city\":\"Zhantang\",\"country\":\"China\"}}","updated":"2021-12-14T23:15:43.375Z"}
{"customer_id":"C00395","email":"mderill6@csmonitor.com","profile":"{\"first_name\":\"Margette\",\"last_name\":\"Derill\",\"gender\":\"Female\",\"address\":{\"street\":\"385 Schurz Parkway\",\"city\":\"San Cristóbal Verapaz\",\"country\":\"Guatemala\"}}","updated":"2021-12-14T23:15:43.375Z"}
{"customer_id":"C00396","profile":"{\"first_name\":\"Pete\",\"last_name\":\"Derkes\",\"gender\":\"Bigender\",\"address\":{\"street\":\"9354 Grover Trail\",\"city\":\"Roma\",\"country\":\"Mexico\"}}","updated":"2021-12-14T23:15:43.375Z"}
{"customer_id":"C00397","profile":"{\"first_name\":\"Ephrayim\",\"last_name\":\"Derl\",\"gender\":\"Male\",\"address\":{\"street\":\"4 Briar Crest Place\",\"city\":\"Prochnookopskaya\",\"country\":\"Russia\"}}","updated":"2021-12-14T23:15:43.375Z"}
{"customer_id":"C00398","email":"yderry2x@etsy.com","profile":"{\"first_name\":\"Yardley\",\"last_name\":\"Derry\",\"gender\":\"Male\",\"address\":{\"street\":\"72246 Iowa Center\",\"city\":\"Marseille\",\"country\":\"France\"}}","updated":"2021-12-14T23:15:43.375Z"}
{"customer_id":"C00399","email":"rdespenser9k@purevolume.com","profile":"{\"first_name\":\"Rosmunda\",\"last_name\":\"Despenser\",\"gender\":\"Female\",\"address\":{\"street\":\"1 Aberg Center\",\"city\":\"Sabang\",\"country\":\"Indonesia\"}}","updated":"2021-12-14T23:15:43.375Z"}
{"customer_id":"C00400","profile":"{\"first_name\":\"Sollie\",\"last_name\":\"Devonshire\",\"gender\":\"Male\",\"address\":{\"street\":\"5 Old Shore Crossing\",\"city\":\"Si Ma Cai\",\"country\":\"Vietnam\"}}","updated":"2021-12-14T23:15:43.375Z"}
{"customer_id":"C00401","email":"bdibbinj9@freewebs.com","profile":"{\"first_name\":\"Berget\",\"last_name\":\"Dibbin\",\"gender\":\"Female\",\"address\":{\"street\":\"6779 Hanson Junction\",\"city\":\"Saint-Paul\",\"country\":\"Reunion\"}}","updated":"2021-12-14T23:15:43.375Z"}
{"customer_id":"C00402","email":"idibollht@infoseek.co.jp","profile":"{\"first_name\":\"Ike\",\"last_name\":\"Diboll\",\"gender\":\"Male\",\"address\":{\"street\":\"5 Elka Crossing\",\"city\":\"Andaray\",\"country\":\"Peru\"}}","updated":"2021-12-14T23:15:43.375Z"}
{"customer_id":"C00403","email":"mdickins6b@washingtonpost.com","profile":"{\"first_name\":\"Mark\",\"last_name\":\"Dickins\",\"gender\":\"Male\",\"address\":{\"street\":\"9 Sauthoff Trail\",\"city\":\"Gushan\",\"country\":\"China\"}}","updated":"2021-12-14T23:15:43.375Z"}
{"customer_id":"C00404","email":"odieton5n@twitpic.com","profile":"{\"first_name\":\"Orly\",\"last_name\":\"Dieton\",\"gender\":\"Female\",\"address\":{\"street\":\"13 Dexter Crossing\",\"city\":\"Tanggu\",\"country\":\"China\"}}","updated":"2021-12-14T23:15:43.375Z"}
{"customer_id":"C00405","email":"adigg4l@pinterest.com","profile":"{\"first_name\":\"Anne-marie\",\"last_name\":\"Digg\",\"gender\":\"Female\",\"address\":{\"street\":\"97889 Graceland Road\",\"city\":\"Sikur\",\"country\":\"Indonesia\"}}","updated":"2021-12-14T23:15:43.375Z"}
{"customer_id":"C00406","profile":"{\"first_name\":\"Annabel\",\"last_name\":\"Dignan\",\"gender\":\"Female\",\"address\":{\"street\":\"5 Red Cloud Crossing\",\"city\":\"Debesy\",\"country\":\"Russia\"}}","updated":"2021-12-14T23:15:43.375Z"}
{"customer_id":"C00407","email":"mdilgarno83@washingtonpost.com","profile":"{\"first_name\":\"Marysa\",\"last_name\":\"Dilgarno\",\"gender\":\"Female\",\"address\":{\"street\":\"1442 Londonderry Avenue\",\"city\":\"Jieheshi\",\"country\":\"China\"}}","updated":"2021-12-14T23:15:43.375Z"}
{"customer_id":"C00408","email":"ddinkinjz@delicious.com","profile":"{\"first_name\":\"Dilan\",\"last_name\":\"Dinkin\",\"gender\":\"Male\",\"address\":{\"street\":\"76884 Waubesa Crossing\",\"city\":\"Lyon\",\"country\":\"France\"}}","updated":"2021-12-14T23:15:43.375Z"}
{"customer_id":"C00409","email":"adjordjevicec@fotki.com","profile":"{\"first_name\":\"Annetta\",\"last_name\":\"Djordjevic\",\"gender\":\"Female\",\"address\":{\"street\":\"61460 Maywood Place\",\"city\":\"San Mateo\",\"country\":\"Philippines\"}}","updated":"2021-12-14T23:15:43.375Z"}
{"customer_id":"C00410","email":"sdmitrienko1n@apple.com","profile":"{\"first_name\":\"Sabina\",\"last_name\":\"Dmitrienko\",\"gender\":\"Female\",\"address\":{\"street\":\"39351 Village Green Park\",\"city\":\"Sumbersih\",\"country\":\"Indonesia\"}}","updated":"2021-12-14T23:15:43.375Z"}
{"customer_id":"C00411","email":"ldoche64@a8.net","profile":"{\"first_name\":\"Lock\",\"last_name\":\"Doche\",\"gender\":\"Genderqueer\",\"address\":{\"street\":\"660 Aberg Road\",\"city\":\"Zapala\",\"country\":\"Argentina\"}}","updated":"2021-12-14T23:15:43.375Z"}
{"customer_id":"C00412","email":"ndoddrell7y@shop-pro.jp","profile":"{\"first_name\":\"Nicolas\",\"last_name\":\"Doddrell\",\"gender\":\"Genderfluid\",\"address\":{\"street\":\"0880 Scoville Junction\",\"city\":\"Serra da Boa Viagem\",\"country\":\"Portugal\"}}","updated":"2021-12-14T23:15:43.375Z"}
{"customer_id":"C00413","email":"cdoerr70@techcrunch.com","profile":"{\"first_name\":\"Christophe\",\"last_name\":\"Doerr\",\"gender\":\"Male\",\"address\":{\"street\":\"32 Melrose Avenue\",\"city\":\"Halimpu\",\"country\":\"Indonesia\"}}","updated":"2021-12-14T23:15:43.375Z"}
{"customer_id":"C00414","email":"ldolphinq@hud.gov","profile":"{\"first_name\":\"Leo\",\"last_name\":\"Dolphin\",\"gender\":\"Male\",\"address\":{\"street\":\"028 Straubel Avenue\",\"city\":\"San Rafael del Sur\",\"country\":\"Nicaragua\"}}","updated":"2021-12-14T23:15:43.375Z"}
{"customer_id":"C00415","email":"ddomengue6w@foxnews.com","profile":"{\"first_name\":\"Dulcine\",\"last_name\":\"Domengue\",\"gender\":\"Female\",\"address\":{\"street\":\"74 Maryland Crossing\",\"city\":\"Leidschendam\",\"country\":\"Netherlands\"}}","updated":"2021-12-14T23:15:43.375Z"}
{"customer_id":"C00416","email":"ddomenicibj@feedburner.com","profile":"{\"first_name\":\"Dunc\",\"last_name\":\"Domenici\",\"gender\":\"Male\",\"address\":{\"street\":\"36 American Ash Way\",\"city\":\"Castillos\",\"country\":\"Uruguay\"}}","updated":"2021-12-14T23:15:43.375Z"}
{"customer_id":"C00417","profile":"{\"first_name\":\"Auguste\",\"last_name\":\"Domotor\",\"gender\":\"Female\",\"address\":{\"street\":\"20 Green Ridge Circle\",\"city\":\"Wang Saphung\",\"country\":\"Thailand\"}}","updated":"2021-12-14T23:15:43.375Z"}
{"customer_id":"C00418","email":"cdonalsong5@pcworld.com","profile":"{\"first_name\":\"Chris\",\"last_name\":\"Donalson\",\"gender\":\"Male\",\"address\":{\"street\":\"1 Waxwing Street\",\"city\":\"Isanlu Itedoijowa\",\"country\":\"Nigeria\"}}","updated":"2021-12-14T23:15:43.375Z"}
{"customer_id":"C00419","profile":"{\"first_name\":\"Gearard\",\"last_name\":\"Doogood\",\"gender\":\"Male\",\"address\":{\"street\":\"387 Fieldstone Lane\",\"city\":\"Depok\",\"country\":\"Indonesia\"}}","updated":"2021-12-14T23:15:43.375Z"}
{"customer_id":"C00420","email":"kdoolanm4@alibaba.com","profile":"{\"first_name\":\"Kevin\",\"last_name\":\"Doolan\",\"gender\":\"Male\",\"address\":{\"street\":\"8 Merry Center\",\"city\":\"Omigawa\",\"country\":\"Japan\"}}","updated":"2021-12-14T23:15:43.375Z"}
{"customer_id":"C00421","email":"gdoran38@t.co","profile":"{\"first_name\":\"Gerta\",\"last_name\":\"Doran\",\"gender\":\"Female\",\"address\":{\"street\":\"9471 Holy Cross Court\",\"city\":\"Dorchester\",\"country\":\"Canada\"}}","updated":"2021-12-14T23:15:43.375Z"}
{"customer_id":"C00422","profile":"{\"first_name\":\"Malissa\",\"last_name\":\"Dorcey\",\"gender\":\"Female\",\"address\":{\"street\":\"490 Schmedeman Way\",\"city\":\"Paris 02\",\"country\":\"France\"}}","updated":"2021-12-14T23:15:43.375Z"}
{"customer_id":"C00423","profile":"{\"first_name\":\"Silvester\",\"last_name\":\"Dorkin\",\"gender\":\"Male\",\"address\":{\"street\":\"9 Oak Valley Circle\",\"city\":\"Belyy Yar\",\"country\":\"Russia\"}}","updated":"2021-12-14T23:15:43.375Z"}
{"customer_id":"C00424","profile":"{\"first_name\":\"Rea\",\"last_name\":\"Dorn\",\"gender\":\"Female\",\"address\":{\"street\":\"1 Sunfield Circle\",\"city\":\"Nianyushan\",\"country\":\"China\"}}","updated":"2021-12-14T23:15:43.375Z"}
{"customer_id":"C00425","email":"mdorylr@jiathis.com","profile":"{\"first_name\":\"Maurie\",\"last_name\":\"Dory\",\"gender\":\"Male\",\"address\":{\"street\":\"1 Dahle Pass\",\"city\":\"Lannion\",\"country\":\"France\"}}","updated":"2021-12-14T23:15:43.375Z"}
{"customer_id":"C00426","email":"kdosedalecz@chicagotribune.com","profile":"{\"first_name\":\"Keefer\",\"last_name\":\"Dosedale\",\"gender\":\"Male\",\"address\":{\"street\":\"27935 Bartelt Junction\",\"city\":\"Tabuk\",\"country\":\"Philippines\"}}","updated":"2021-12-14T23:15:43.375Z"}
{"customer_id":"C00427","profile":"{\"first_name\":\"Donny\",\"last_name\":\"Dotterill\",\"gender\":\"Female\",\"address\":{\"street\":\"4 Knutson Way\",\"city\":\"Naples\",\"country\":\"United States\"}}","updated":"2021-12-14T23:15:43.375Z"}
{"customer_id":"C00428","profile":"{\"first_name\":\"Phylys\",\"last_name\":\"Dowson\",\"gender\":\"Female\",\"address\":{\"street\":\"15 Oakridge Place\",\"city\":\"Banjar Pedawa\",\"country\":\"Indonesia\"}}","updated":"2021-12-14T23:15:43.375Z"}
{"customer_id":"C00429","email":"sdraudehs@tiny.cc","profile":"{\"first_name\":\"Stormi\",\"last_name\":\"Draude\",\"gender\":\"Female\",\"address\":{\"street\":\"54 Continental Circle\",\"city\":\"Juan N Alvarez\",\"country\":\"Mexico\"}}","updated":"2021-12-14T23:15:43.375Z"}
{"customer_id":"C00430","profile":"{\"first_name\":\"Lowe\",\"last_name\":\"Dreger\",\"gender\":\"Male\",\"address\":{\"street\":\"5257 Fulton Way\",\"city\":\"Segong\",\"country\":\"Indonesia\"}}","updated":"2021-12-14T23:15:43.375Z"}
{"customer_id":"C00431","email":"mdrejerj6@pen.io","profile":"{\"first_name\":\"Merle\",\"last_name\":\"Drejer\",\"gender\":\"Polygender\",\"address\":{\"street\":\"6 Village Alley\",\"city\":\"Tānsen\",\"country\":\"Nepal\"}}","updated":"2021-12-14T23:15:43.375Z"}
{"customer_id":"C00432","email":"mdrexelge@hatena.ne.jp","profile":"{\"first_name\":\"Merilee\",\"last_name\":\"Drexel\",\"gender\":\"Female\",\"address\":{\"street\":\"274 School Park\",\"city\":\"Nanpiao\",\"country\":\"China\"}}","updated":"2021-12-14T23:15:43.375Z"}
{"customer_id":"C00433","email":"hdrinkhall8m@infoseek.co.jp","profile":"{\"first_name\":\"Hogan\",\"last_name\":\"Drinkhall\",\"gender\":\"Male\",\"address\":{\"street\":\"52530 Express Place\",\"city\":\"Yalukou\",\"country\":\"China\"}}","updated":"2021-12-14T23:15:43.375Z"}
{"customer_id":"C00434","profile":"{\"first_name\":\"Aube\",\"last_name\":\"Drohan\",\"gender\":\"Male\",\"address\":{\"street\":\"2067 Ryan Lane\",\"city\":\"Sparwood\",\"country\":\"Canada\"}}","updated":"2021-12-14T23:15:43.375Z"}
{"customer_id":"C00435","email":"edryden6c@wsj.com","profile":"{\"first_name\":\"Elsinore\",\"last_name\":\"Dryden\",\"gender\":\"Female\",\"address\":{\"street\":\"88 Sachtjen Park\",\"city\":\"Bukonyo\",\"country\":\"Tanzania\"}}","updated":"2021-12-14T23:15:43.375Z"}
{"customer_id":"C00436","email":"eduplantier6l@technorati.com","profile":"{\"first_name\":\"Elsa\",\"last_name\":\"Du Plantier\",\"gender\":\"Female\",\"address\":{\"street\":\"3 Old Gate Hill\",\"city\":\"Noramarg\",\"country\":\"Armenia\"}}","updated":"2021-12-14T23:15:43.375Z"}
{"customer_id":"C00437","email":"dduddin29@bing.com","profile":"{\"first_name\":\"Dodie\",\"last_name\":\"Duddin\",\"gender\":\"Female\",\"address\":{\"street\":\"36 Mesta Park\",\"city\":\"Togur\",\"country\":\"Russia\"}}","updated":"2021-12-14T23:15:43.375Z"}
{"customer_id":"C00438","profile":"{\"first_name\":\"Boycie\",\"last_name\":\"Duddridge\",\"gender\":\"Agender\",\"address\":{\"street\":\"73 Bobwhite Place\",\"city\":\"Agara\",\"country\":\"Georgia\"}}","updated":"2021-12-14T23:15:43.375Z"}
{"customer_id":"C00439","profile":"{\"first_name\":\"Tallou\",\"last_name\":\"Duffitt\",\"gender\":\"Female\",\"address\":{\"street\":\"7083 Judy Center\",\"city\":\"Greda\",\"country\":\"Croatia\"}}","updated":"2021-12-14T23:15:43.375Z"}
{"customer_id":"C00440","email":"kduffy16@lulu.com","profile":"{\"first_name\":\"Kaia\",\"last_name\":\"Duffy\",\"gender\":\"Female\",\"address\":{\"street\":\"999 Bluejay Crossing\",\"city\":\"Olds\",\"country\":\"Canada\"}}","updated":"2021-12-14T23:15:43.375Z"}
{"customer_id":"C00441","email":"cdugood3l@berkeley.edu","profile":"{\"first_name\":\"Cordi\",\"last_name\":\"Dugood\",\"gender\":\"Female\",\"address\":{\"street\":\"83521 Crownhardt Point\",\"city\":\"Nunmanu\",\"country\":\"Indonesia\"}}","updated":"2021-12-14T23:15:43.375Z"}
{"customer_id":"C00442","email":"dduignanod@feedburner.com","profile":"{\"first_name\":\"Dilan\",\"last_name\":\"Duignan\",\"gender\":\"Male\",\"address\":{\"street\":\"25852 Homewood Point\",\"city\":\"Tallinn\",\"country\":\"Estonia\"}}","updated":"2021-12-14T23:15:43.375Z"}
{"customer_id":"C00443","email":"rdukerjr@apache.org","profile":"{\"first_name\":\"Rozanne\",\"last_name\":\"Duker\",\"gender\":\"Female\",\"address\":{\"street\":\"04 Old Gate Plaza\",\"city\":\"Tomigusuku\",\"country\":\"Japan\"}}","updated":"2021-12-14T23:15:43.375Z"}
{"customer_id":"C00444","profile":"{\"first_name\":\"Marguerite\",\"last_name\":\"Dumbellow\",\"gender\":\"Female\",\"address\":{\"street\":\"871 Veith Center\",\"city\":\"Río Campo\",\"country\":\"Equatorial Guinea\"}}","updated":"2021-12-14T23:15:43.375Z"}
{"customer_id":"C00445","email":"gdummerom@timesonline.co.uk","profile":"{\"first_name\":\"Giffer\",\"last_name\":\"Dummer\",\"gender\":\"Male\",\"address\":{\"street\":\"2336 Helena Street\",\"city\":\"Shazhenxi\",\"country\":\"China\"}}","updated":"2021-12-14T23:15:43.375Z"}
{"customer_id":"C00446","profile":"{\"first_name\":\"Normand\",\"last_name\":\"Dunbar\",\"gender\":\"Male\",\"address\":{\"street\":\"27099 Kropf Park\",\"city\":\"Dongyuan\",\"country\":\"China\"}}","updated":"2021-12-14T23:15:43.375Z"}
{"customer_id":"C00447","profile":"{\"first_name\":\"Cleopatra\",\"last_name\":\"Dunbleton\",\"gender\":\"Genderqueer\",\"address\":{\"street\":\"8 Oak Circle\",\"city\":\"Nancy\",\"country\":\"France\"}}","updated":"2021-12-14T23:15:43.375Z"}
{"customer_id":"C00448","email":"bduncansonkc@home.pl","profile":"{\"first_name\":\"Bone\",\"last_name\":\"Duncanson\",\"gender\":\"Male\",\"address\":{\"street\":\"32 Rigney Road\",\"city\":\"Kraśnik\",\"country\":\"Poland\"}}","updated":"2021-12-14T23:15:43.375Z"}
{"customer_id":"C00449","email":"ndunderdale3@paypal.com","profile":"{\"first_name\":\"Nance\",\"last_name\":\"Dunderdale\",\"gender\":\"Female\",\"address\":{\"street\":\"02 Macpherson Way\",\"city\":\"Fria\",\"country\":\"Guinea\"}}","updated":"2021-12-14T23:15:43.375Z"}
{"customer_id":"C00450","email":"rdundridgeh@bluehost.com","profile":"{\"first_name\":\"Rurik\",\"last_name\":\"Dundridge\",\"gender\":\"Male\",\"address\":{\"street\":\"6 Fairfield Parkway\",\"city\":\"Tyler\",\"country\":\"United States\"}}","updated":"2021-12-14T23:15:43.375Z"}
{"customer_id":"C00451","profile":"{\"first_name\":\"Bonny\",\"last_name\":\"Dunphy\",\"gender\":\"Female\",\"address\":{\"street\":\"15 Kingsford Parkway\",\"city\":\"Shouxihu\",\"country\":\"China\"}}","updated":"2021-12-14T23:15:43.375Z"}
{"customer_id":"C00452","email":"ldunrigejm@geocities.com","profile":"{\"first_name\":\"Lorelei\",\"last_name\":\"Dunrige\",\"gender\":\"Female\",\"address\":{\"street\":\"24078 Shoshone Center\",\"city\":\"Ḩabbān\",\"country\":\"Yemen\"}}","updated":"2021-12-14T23:15:43.375Z"}
{"customer_id":"C00453","profile":"{\"first_name\":\"Emmy\",\"last_name\":\"Dunsleve\",\"gender\":\"Male\",\"address\":{\"street\":\"219 Glacier Hill Center\",\"city\":\"San Benito Abad\",\"country\":\"Colombia\"}}","updated":"2021-12-14T23:15:43.375Z"}
{"customer_id":"C00454","profile":"{\"first_name\":\"Henka\",\"last_name\":\"Dunton\",\"gender\":\"Female\",\"address\":{\"street\":\"2729 Claremont Trail\",\"city\":\"Kletek\",\"country\":\"Indonesia\"}}","updated":"2021-12-14T23:15:43.375Z"}
{"customer_id":"C00455","email":"ldupey47@jimdo.com","profile":"{\"first_name\":\"Leda\",\"last_name\":\"Dupey\",\"gender\":\"Female\",\"address\":{\"street\":\"68608 Springview Terrace\",\"city\":\"Ryazhsk\",\"country\":\"Russia\"}}","updated":"2021-12-14T23:15:43.375Z"}
{"customer_id":"C00456","profile":"{\"first_name\":\"Orel\",\"last_name\":\"Dupre\",\"gender\":\"Female\",\"address\":{\"street\":\"17028 Chinook Pass\",\"city\":\"Horana South\",\"country\":\"Sri Lanka\"}}","updated":"2021-12-14T23:15:43.375Z"}
{"customer_id":"C00457","email":"ldurkinaj@msu.edu","profile":"{\"first_name\":\"Lucien\",\"last_name\":\"Durkin\",\"gender\":\"Genderqueer\",\"address\":{\"street\":\"247 Northwestern Plaza\",\"city\":\"Halteu\",\"country\":\"Indonesia\"}}","updated":"2021-12-14T23:15:43.375Z"}
{"customer_id":"C00458","email":"bdurnallcj@amazonaws.com","profile":"{\"first_name\":\"Bonni\",\"last_name\":\"Durnall\",\"gender\":\"Female\",\"address\":{\"street\":\"1508 Namekagon Crossing\",\"city\":\"Bertelhe\",\"country\":\"Portugal\"}}","updated":"2021-12-14T23:15:43.375Z"}
{"customer_id":"C00459","profile":"{\"first_name\":\"Daren\",\"last_name\":\"Durnford\",\"gender\":\"Male\",\"address\":{\"street\":\"35601 Old Gate Crossing\",\"city\":\"Sapu Padidu\",\"country\":\"Philippines\"}}","updated":"2021-12-14T23:15:43.375Z"}
{"customer_id":"C00460","profile":"{\"first_name\":\"Dacey\",\"last_name\":\"Durrand\",\"gender\":\"Female\",\"address\":{\"street\":\"60054 Basil Court\",\"city\":\"El Progreso\",\"country\":\"Panama\"}}","updated":"2021-12-14T23:15:43.375Z"}
{"customer_id":"C00461","profile":"{\"first_name\":\"Ellis\",\"last_name\":\"Duthie\",\"gender\":\"Male\",\"address\":{\"street\":\"8780 Stuart Center\",\"city\":\"Luopu\",\"country\":\"China\"}}","updated":"2021-12-14T23:15:43.375Z"}
{"customer_id":"C00462","email":"idykebq@dropbox.com","profile":"{\"first_name\":\"Inigo\",\"last_name\":\"Dyke\",\"gender\":\"Male\",\"address\":{\"street\":\"7303 Nova Street\",\"city\":\"Vetluga\",\"country\":\"Russia\"}}","updated":"2021-12-14T23:15:43.375Z"}
{"customer_id":"C00463","email":"geastes3o@tripadvisor.com","profile":"{\"first_name\":\"Gianni\",\"last_name\":\"Eastes\",\"gender\":\"Male\",\"address\":{\"street\":\"891 Towne Lane\",\"city\":\"Uíge\",\"country\":\"Angola\"}}","updated":"2021-12-14T23:15:43.375Z"}
{"customer_id":"C00464","email":"rebbittcr@qq.com","profile":"{\"first_name\":\"Rici\",\"last_name\":\"Ebbitt\",\"gender\":\"Female\",\"address\":{\"street\":\"8010 Meadow Vale Avenue\",\"city\":\"Renhe\",\"country\":\"China\"}}","updated":"2021-12-14T23:15:43.375Z"}
{"customer_id":"C00465","email":"jebhardt4t@dailymail.co.uk","profile":"{\"first_name\":\"Judas\",\"last_name\":\"Ebhardt\",\"gender\":\"Male\",\"address\":{\"street\":\"31091 Washington Road\",\"city\":\"Karolinka\",\"country\":\"Czech Republic\"}}","updated":"2021-12-14T23:15:43.375Z"}
{"customer_id":"C00466","email":"debourne8j@acquirethisname.com","profile":"{\"first_name\":\"Desiree\",\"last_name\":\"Ebourne\",\"gender\":\"Female\",\"address\":{\"street\":\"74785 Orin Parkway\",\"city\":\"Santa Marta\",\"country\":\"Panama\"}}","updated":"2021-12-14T23:15:43.375Z"}
{"customer_id":"C00467","email":"feddowisgw@google.nl","profile":"{\"first_name\":\"Filmore\",\"last_name\":\"Eddowis\",\"gender\":\"Male\",\"address\":{\"street\":\"2 Merchant Center\",\"city\":\"Duyên Hải\",\"country\":\"Vietnam\"}}","updated":"2021-12-14T23:15:43.375Z"}
{"customer_id":"C00468","email":"sedelheidnd@1688.com","profile":"{\"first_name\":\"Sula\",\"last_name\":\"Edelheid\",\"gender\":\"Female\",\"address\":{\"street\":\"30181 Dakota Road\",\"city\":\"Czemierniki\",\"country\":\"Poland\"}}","updated":"2021-12-14T23:15:43.375Z"}
{"customer_id":"C00469","email":"jedinborofx@tumblr.com","profile":"{\"first_name\":\"Jack\",\"last_name\":\"Edinboro\",\"gender\":\"Male\",\"address\":{\"street\":\"8 Green Ridge Court\",\"city\":\"Alexandria\",\"country\":\"United States\"}}","updated":"2021-12-14T23:15:43.375Z"}
{"customer_id":"C00470","email":"dedinburghh0@dot.gov","profile":"{\"first_name\":\"Darby\",\"last_name\":\"Edinburgh\",\"gender\":\"Male\",\"address\":{\"street\":\"62136 Hintze Alley\",\"city\":\"Pankshin\",\"country\":\"Nigeria\"}}","updated":"2021-12-14T23:15:43.375Z"}
{"customer_id":"C00471","email":"aedlingf1@dyndns.org","profile":"{\"first_name\":\"Adriano\",\"last_name\":\"Edling\",\"gender\":\"Male\",\"address\":{\"street\":\"026 Elmside Center\",\"city\":\"Alkmaar\",\"country\":\"Netherlands\"}}","updated":"2021-12-14T23:15:43.375Z"}
{"customer_id":"C00472","email":"aedmensonhb@dyndns.org","profile":"{\"first_name\":\"Augustine\",\"last_name\":\"Edmenson\",\"gender\":\"Female\",\"address\":{\"street\":\"76 Cody Court\",\"city\":\"Xindu\",\"country\":\"China\"}}","updated":"2021-12-14T23:15:43.375Z"}
{"customer_id":"C00473","email":"bedwardlq@yelp.com","profile":"{\"first_name\":\"Bastien\",\"last_name\":\"Edward\",\"gender\":\"Male\",\"address\":{\"street\":\"8 Oneill Center\",\"city\":\"San Cristóbal\",\"country\":\"Dominican Republic\"}}","updated":"2021-12-14T23:15:43.375Z"}
{"customer_id":"C00474","email":"pedwardson2s@cpanel.net","profile":"{\"first_name\":\"Putnem\",\"last_name\":\"Edwardson\",\"gender\":\"Male\",\"address\":{\"street\":\"78082 Meadow Ridge Circle\",\"city\":\"Thị Trấn Bình Mỹ\",\"country\":\"Vietnam\"}}","updated":"2021-12-14T23:15:43.375Z"}
{"customer_id":"C00475","email":"melkins39@theguardian.com","profile":"{\"first_name\":\"Millicent\",\"last_name\":\"Elkins\",\"gender\":\"Female\",\"address\":{\"street\":\"2 Riverside Court\",\"city\":\"Vacoas\",\"country\":\"Mauritius\"}}","updated":"2021-12-14T23:15:43.375Z"}
{"customer_id":"C00476","email":"bellesworthekf@macromedia.com","profile":"{\"first_name\":\"Blair\",\"last_name\":\"Ellesworthe\",\"gender\":\"Female\",\"address\":{\"street\":\"8180 Londonderry Plaza\",\"city\":\"Kama\",\"country\":\"Russia\"}}","updated":"2021-12-14T23:15:43.375Z"}
{"customer_id":"C00477","profile":"{\"first_name\":\"Willabella\",\"last_name\":\"Ells\",\"gender\":\"Female\",\"address\":{\"street\":\"92 Anzinger Court\",\"city\":\"Padas\",\"country\":\"Indonesia\"}}","updated":"2021-12-14T23:15:43.375Z"}
{"customer_id":"C00478","profile":"{\"first_name\":\"Gayler\",\"last_name\":\"Ellwand\",\"gender\":\"Male\",\"address\":{\"street\":\"8430 Oak Crossing\",\"city\":\"Czemierniki\",\"country\":\"Poland\"}}","updated":"2021-12-14T23:15:43.375Z"}
{"customer_id":"C00479","email":"lelton33@businessinsider.com","profile":"{\"first_name\":\"Lenore\",\"last_name\":\"Elton\",\"gender\":\"Genderfluid\",\"address\":{\"street\":\"6 Dayton Way\",\"city\":\"Yangdang\",\"country\":\"China\"}}","updated":"2021-12-14T23:15:43.375Z"}
{"customer_id":"C00480","profile":"{\"first_name\":\"Kimmy\",\"last_name\":\"Emes\",\"gender\":\"Female\",\"address\":{\"street\":\"73723 Helena Pass\",\"city\":\"Margasana\",\"country\":\"Indonesia\"}}","updated":"2021-12-14T23:15:43.375Z"}
{"customer_id":"C00481","email":"bemettay@scribd.com","profile":"{\"first_name\":\"Brett\",\"last_name\":\"Emett\",\"gender\":\"Female\",\"address\":{\"street\":\"313 Badeau Way\",\"city\":\"Vicente Guerrero\",\"country\":\"Mexico\"}}","updated":"2021-12-14T23:15:43.375Z"}
{"customer_id":"C00482","email":"cendacott7r@unc.edu","profile":"{\"first_name\":\"Chancey\",\"last_name\":\"Endacott\",\"gender\":\"Male\",\"address\":{\"street\":\"518 Sachs Way\",\"city\":\"Waihi Beach\",\"country\":\"New Zealand\"}}","updated":"2021-12-14T23:15:43.375Z"}
{"customer_id":"C00483","profile":"{\"first_name\":\"Joseph\",\"last_name\":\"Engley\",\"gender\":\"Male\",\"address\":{\"street\":\"11602 Butternut Drive\",\"city\":\"Smara\",\"country\":\"Western Sahara\"}}","updated":"2021-12-14T23:15:43.375Z"}
{"customer_id":"C00484","email":"reppsmj@blogger.com","profile":"{\"first_name\":\"Rikki\",\"last_name\":\"Epps\",\"gender\":\"Male\",\"address\":{\"street\":\"34 Hansons Terrace\",\"city\":\"Strenči\",\"country\":\"Latvia\"}}","updated":"2021-12-14T23:15:43.375Z"}
{"customer_id":"C00485","email":"reronieez@vinaora.com","profile":"{\"first_name\":\"Roddy\",\"last_name\":\"Eronie\",\"gender\":\"Male\",\"address\":{\"street\":\"4583 Dapin Avenue\",\"city\":\"Wichian Buri\",\"country\":\"Thailand\"}}","updated":"2021-12-14T23:15:43.375Z"}
{"customer_id":"C00486","email":"aesbergeres@amazon.co.jp","profile":"{\"first_name\":\"Ami\",\"last_name\":\"Esberger\",\"gender\":\"Female\",\"address\":{\"street\":\"518 Lyons Trail\",\"city\":\"Ad Dīwānīyah\",\"country\":\"Iraq\"}}","updated":"2021-12-14T23:15:43.375Z"}
{"customer_id":"C00487","email":"hescalab7@bravesites.com","profile":"{\"first_name\":\"Hali\",\"last_name\":\"Escala\",\"gender\":\"Female\",\"address\":{\"street\":\"74 Haas Road\",\"city\":\"Shuanglong\",\"country\":\"China\"}}","updated":"2021-12-14T23:15:43.375Z"}
{"customer_id":"C00488","profile":"{\"first_name\":\"Roslyn\",\"last_name\":\"Eseler\",\"gender\":\"Female\",\"address\":{\"street\":\"1972 6th Parkway\",\"city\":\"Santa Fe\",\"country\":\"United States\"}}","updated":"2021-12-14T23:15:43.375Z"}
{"customer_id":"C00489","email":"lesherwoodnz@illinois.edu","profile":"{\"first_name\":\"Lanae\",\"last_name\":\"Esherwood\",\"gender\":\"Female\",\"address\":{\"street\":\"3134 4th Trail\",\"city\":\"Telhado\",\"country\":\"Portugal\"}}","updated":"2021-12-14T23:15:43.375Z"}
{"customer_id":"C00490","email":"jeskrick8m@acquirethisname.com","profile":"{\"first_name\":\"Jeralee\",\"last_name\":\"Eskrick\",\"gender\":\"Female\",\"address\":{\"street\":\"2 Pearson Park\",\"city\":\"Luján\",\"country\":\"Argentina\"}}","updated":"2021-12-14T23:15:43.375Z"}
{"customer_id":"C00491","email":"peskriggeeq@1und1.de","profile":"{\"first_name\":\"Paulo\",\"last_name\":\"Eskrigge\",\"gender\":\"Male\",\"address\":{\"street\":\"46139 Kropf Road\",\"city\":\"Aguada de Pasajeros\",\"country\":\"Cuba\"}}","updated":"2021-12-14T23:15:43.375Z"}
{"customer_id":"C00492","profile":"{\"first_name\":\"Gisella\",\"last_name\":\"Eve\",\"gender\":\"Female\",\"address\":{\"street\":\"8 Waxwing Drive\",\"city\":\"Pieniężno\",\"country\":\"Poland\"}}","updated":"2021-12-14T23:15:43.375Z"}
{"customer_id":"C00493","profile":"{\"first_name\":\"Ardella\",\"last_name\":\"Fair\",\"gender\":\"Female\",\"address\":{\"street\":\"89218 Nancy Avenue\",\"city\":\"Ntaur Satu\",\"country\":\"Indonesia\"}}","updated":"2021-12-14T23:15:43.375Z"}
{"customer_id":"C00494","email":"sfairbardfh@reuters.com","profile":"{\"first_name\":\"Sherlocke\",\"last_name\":\"Fairbard\",\"gender\":\"Male\",\"address\":{\"street\":\"01022 Brown Plaza\",\"city\":\"Muang Phôn-Hông\",\"country\":\"Laos\"}}","updated":"2021-12-14T23:15:43.375Z"}
{"customer_id":"C00495","email":"kfalcusgj@networksolutions.com","profile":"{\"first_name\":\"Kerrie\",\"last_name\":\"Falcus\",\"gender\":\"Female\",\"address\":{\"street\":\"3680 Debs Junction\",\"city\":\"Banatsko Karađorđevo\",\"country\":\"Serbia\"}}","updated":"2021-12-14T23:15:43.375Z"}
{"customer_id":"C00496","email":"dfallensp@booking.com","profile":"{\"first_name\":\"Dacie\",\"last_name\":\"Fallens\",\"gender\":\"Female\",\"address\":{\"street\":\"6 Acker Circle\",\"city\":\"Paris 16\",\"country\":\"France\"}}","updated":"2021-12-14T23:15:43.375Z"}
{"customer_id":"C00497","profile":"{\"first_name\":\"Waldon\",\"last_name\":\"Falshaw\",\"gender\":\"Male\",\"address\":{\"street\":\"82390 Waxwing Street\",\"city\":\"Coloncito\",\"country\":\"Venezuela\"}}","updated":"2021-12-14T23:15:43.375Z"}
{"customer_id":"C00498","email":"gfancy53@vinaora.com","profile":"{\"first_name\":\"Gussi\",\"last_name\":\"Fancy\",\"gender\":\"Female\",\"address\":{\"street\":\"27864 Darwin Park\",\"city\":\"Jacareí\",\"country\":\"Brazil\"}}","updated":"2021-12-14T23:15:43.375Z"}
{"customer_id":"C00499","profile":"{\"first_name\":\"Wenona\",\"last_name\":\"Farguhar\",\"gender\":\"Female\",\"address\":{\"street\":\"12 Kim Park\",\"city\":\"Irahuan\",\"country\":\"Philippines\"}}","updated":"2021-12-14T23:15:43.375Z"}
{"customer_id":"C00500","email":"cfarncomb3j@baidu.com","profile":"{\"first_name\":\"Colman\",\"last_name\":\"Farncomb\",\"gender\":\"Male\",\"address\":{\"street\":\"6 Charing Cross Avenue\",\"city\":\"Bila Tserkva\",\"country\":\"Ukraine\"}}","updated":"2021-12-14T23:15:43.375Z"}
{"customer_id":"C00501","email":"wfedoronkohu@etsy.com","profile":"{\"first_name\":\"Wilfrid\",\"last_name\":\"Fedoronko\",\"gender\":\"Male\",\"address\":{\"street\":\"5559 Dwight Place\",\"city\":\"Bantog\",\"country\":\"Philippines\"}}","updated":"2021-12-14T23:15:43.375Z"}
{"customer_id":"C00502","email":"efeedome9o@diigo.com","profile":"{\"first_name\":\"Elke\",\"last_name\":\"Feedome\",\"gender\":\"Female\",\"address\":{\"street\":\"309 New Castle Way\",\"city\":\"Qingyun\",\"country\":\"China\"}}","updated":"2021-12-14T23:15:43.375Z"}
{"customer_id":"C00503","profile":"{\"first_name\":\"Felicdad\",\"last_name\":\"Feifer\",\"gender\":\"Female\",\"address\":{\"street\":\"7877 Clyde Gallagher Place\",\"city\":\"Karanggedang\",\"country\":\"Indonesia\"}}","updated":"2021-12-14T23:15:43.375Z"}
{"customer_id":"C00504","email":"ffeldmusco@so-net.ne.jp","profile":"{\"first_name\":\"Freddi\",\"last_name\":\"Feldmus\",\"gender\":\"Female\",\"address\":{\"street\":\"35915 Sachs Crossing\",\"city\":\"Baoluan\",\"country\":\"China\"}}","updated":"2021-12-14T23:15:43.375Z"}
{"customer_id":"C00505","profile":"{\"first_name\":\"Kerk\",\"last_name\":\"Fellgatt\",\"gender\":\"Genderqueer\",\"address\":{\"street\":\"70 Johnson Park\",\"city\":\"Melbourne\",\"country\":\"United States\"}}","updated":"2021-12-14T23:15:43.375Z"}
{"customer_id":"C00506","profile":"{\"first_name\":\"Humfried\",\"last_name\":\"Fend\",\"gender\":\"Bigender\",\"address\":{\"street\":\"5 Haas Hill\",\"city\":\"Charagua\",\"country\":\"Bolivia\"}}","updated":"2021-12-14T23:15:43.375Z"}
{"customer_id":"C00507","profile":"{\"first_name\":\"Kristen\",\"last_name\":\"Fenny\",\"gender\":\"Female\",\"address\":{\"street\":\"3171 Rieder Park\",\"city\":\"Jiyang\",\"country\":\"China\"}}","updated":"2021-12-14T23:15:43.375Z"}
{"customer_id":"C00508","email":"cfensomea5@themeforest.net","profile":"{\"first_name\":\"Cordelia\",\"last_name\":\"Fensome\",\"gender\":\"Female\",\"address\":{\"street\":\"35 Service Plaza\",\"city\":\"Samoš\",\"country\":\"Serbia\"}}","updated":"2021-12-14T23:15:43.375Z"}
{"customer_id":"C00509","profile":"{\"first_name\":\"Evey\",\"last_name\":\"Feore\",\"gender\":\"Female\",\"address\":{\"street\":\"09166 Talisman Lane\",\"city\":\"Farah\",\"country\":\"Afghanistan\"}}","updated":"2021-12-14T23:15:43.375Z"}
{"customer_id":"C00510","profile":"{\"first_name\":\"Kevan\",\"last_name\":\"Feore\",\"gender\":\"Male\",\"address\":{\"street\":\"12 Warrior Hill\",\"city\":\"Sam Roi Yot\",\"country\":\"Thailand\"}}","updated":"2021-12-14T23:15:43.375Z"}
{"customer_id":"C00511","email":"pferrerhk@guardian.co.uk","profile":"{\"first_name\":\"Petey\",\"last_name\":\"Ferrer\",\"gender\":\"Male\",\"address\":{\"street\":\"89 5th Terrace\",\"city\":\"Yanino Vtoroye\",\"country\":\"Russia\"}}","updated":"2021-12-14T23:15:43.375Z"}
{"customer_id":"C00512","email":"rfetteplace91@unesco.org","profile":"{\"first_name\":\"Rivy\",\"last_name\":\"Fetteplace\",\"gender\":\"Female\",\"address\":{\"street\":\"755 Fisk Trail\",\"city\":\"Werbkowice\",\"country\":\"Poland\"}}","updated":"2021-12-14T23:15:43.375Z"}
{"customer_id":"C00513","profile":"{\"first_name\":\"Christa\",\"last_name\":\"Fewell\",\"gender\":\"Female\",\"address\":{\"street\":\"907 Northridge Park\",\"city\":\"Yangji\",\"country\":\"China\"}}","updated":"2021-12-14T23:15:43.375Z"}
{"customer_id":"C00514","email":"sfilerjh@bandcamp.com","profile":"{\"first_name\":\"Sephira\",\"last_name\":\"Filer\",\"gender\":\"Genderqueer\",\"address\":{\"street\":\"7184 Del Sol Alley\",\"city\":\"Arias\",\"country\":\"Argentina\"}}","updated":"2021-12-14T23:15:43.375Z"}
{"customer_id":"C00515","email":"jfillingham2j@chronoengine.com","profile":"{\"first_name\":\"Jenilee\",\"last_name\":\"Fillingham\",\"gender\":\"Non-binary\",\"address\":{\"street\":\"212 Mallory Parkway\",\"city\":\"Huochang\",\"country\":\"China\"}}","updated":"2021-12-14T23:15:43.375Z"}
{"customer_id":"C00516","email":"lfilonqy@eepurl.com","profile":"{\"first_name\":\"Lind\",\"last_name\":\"Filon\",\"gender\":\"Male\",\"address\":{\"street\":\"9347 Lyons Junction\",\"city\":\"Tha Mai\",\"country\":\"Thailand\"}}","updated":"2021-12-14T23:15:43.375Z"}
{"customer_id":"C00517","email":"cfilyukov5y@booking.com","profile":"{\"first_name\":\"Cozmo\",\"last_name\":\"Filyukov\",\"gender\":\"Male\",\"address\":{\"street\":\"852 Harbort Drive\",\"city\":\"Tayabo\",\"country\":\"Philippines\"}}","updated":"2021-12-14T23:15:43.375Z"}
{"customer_id":"C00518","profile":"{\"first_name\":\"Darby\",\"last_name\":\"Finnes\",\"gender\":\"Male\",\"address\":{\"street\":\"37255 Weeping Birch Pass\",\"city\":\"Banraeaba Village\",\"country\":\"Kiribati\"}}","updated":"2021-12-14T23:15:43.375Z"}
{"customer_id":"C00519","email":"cfirebraceif@google.pl","profile":"{\"first_name\":\"Clarabelle\",\"last_name\":\"Firebrace\",\"gender\":\"Agender\",\"address\":{\"street\":\"4 Hudson Road\",\"city\":\"Melaka\",\"country\":\"Malaysia\"}}","updated":"2021-12-14T23:15:43.375Z"}
{"customer_id":"C00520","email":"cfishbourno2@kickstarter.com","profile":"{\"first_name\":\"Corty\",\"last_name\":\"Fishbourn\",\"gender\":\"Male\",\"address\":{\"street\":\"64 Becker Center\",\"city\":\"Dijon\",\"country\":\"France\"}}","updated":"2021-12-14T23:15:43.375Z"}
{"customer_id":"C00521","email":"nfittisp7@disqus.com","profile":"{\"first_name\":\"Ninon\",\"last_name\":\"Fittis\",\"gender\":\"Non-binary\",\"address\":{\"street\":\"0 Sage Hill\",\"city\":\"Abū Tīj\",\"country\":\"Egypt\"}}","updated":"2021-12-14T23:15:43.375Z"}
{"customer_id":"C00522","email":"cflatleygc@simplemachines.org","profile":"{\"first_name\":\"Casie\",\"last_name\":\"Flatley\",\"gender\":\"Female\",\"address\":{\"street\":\"58 Quincy Way\",\"city\":\"Frederico Westphalen\",\"country\":\"Brazil\"}}","updated":"2021-12-14T23:15:43.375Z"}
{"customer_id":"C00523","email":"cfleetham6a@ucoz.com","profile":"{\"first_name\":\"Corey\",\"last_name\":\"Fleetham\",\"gender\":\"Male\",\"address\":{\"street\":\"15 Sauthoff Hill\",\"city\":\"Kalidawir\",\"country\":\"Indonesia\"}}","updated":"2021-12-14T23:15:43.375Z"}
{"customer_id":"C00524","profile":"{\"first_name\":\"Aloisia\",\"last_name\":\"Fleetwood\",\"gender\":\"Female\",\"address\":{\"street\":\"25 Kipling Hill\",\"city\":\"Kohila\",\"country\":\"Estonia\"}}","updated":"2021-12-14T23:15:43.375Z"}
{"customer_id":"C00525","profile":"{\"first_name\":\"Calhoun\",\"last_name\":\"Flewin\",\"gender\":\"Male\",\"address\":{\"street\":\"3 Birchwood Street\",\"city\":\"Uppsala\",\"country\":\"Sweden\"}}","updated":"2021-12-14T23:15:43.375Z"}
{"customer_id":"C00526","email":"aflewittgp@washingtonpost.com","profile":"{\"first_name\":\"Augustin\",\"last_name\":\"Flewitt\",\"gender\":\"Male\",\"address\":{\"street\":\"3 Raven Plaza\",\"city\":\"Wonorejo\",\"country\":\"Indonesia\"}}","updated":"2021-12-14T23:15:43.375Z"}
{"customer_id":"C00527","profile":"{\"first_name\":\"Ailee\",\"last_name\":\"Fley\",\"gender\":\"Female\",\"address\":{\"street\":\"81977 Debs Park\",\"city\":\"Oqtosh\",\"country\":\"Uzbekistan\"}}","updated":"2021-12-14T23:15:43.375Z"}
{"customer_id":"C00528","email":"mflisher60@google.es","profile":"{\"first_name\":\"Molly\",\"last_name\":\"Flisher\",\"gender\":\"Female\",\"address\":{\"street\":\"4 Colorado Court\",\"city\":\"Tianxing\",\"country\":\"China\"}}","updated":"2021-12-14T23:15:43.375Z"}
{"customer_id":"C00529","email":"afontellesjk@jugem.jp","profile":"{\"first_name\":\"Ashleigh\",\"last_name\":\"Fontelles\",\"gender\":\"Female\",\"address\":{\"street\":\"890 Grayhawk Plaza\",\"city\":\"Jinhe\",\"country\":\"China\"}}","updated":"2021-12-14T23:15:43.375Z"}
{"customer_id":"C00530","email":"tfontellesp8@bluehost.com","profile":"{\"first_name\":\"Tiff\",\"last_name\":\"Fontelles\",\"gender\":\"Female\",\"address\":{\"street\":\"4 Pierstorff Park\",\"city\":\"Nanterre\",\"country\":\"France\"}}","updated":"2021-12-14T23:15:43.375Z"}
{"customer_id":"C00531","email":"gforsardd2@reference.com","profile":"{\"first_name\":\"Godiva\",\"last_name\":\"Forsard\",\"gender\":\"Female\",\"address\":{\"street\":\"31 John Wall Court\",\"city\":\"Siteki\",\"country\":\"Swaziland\"}}","updated":"2021-12-14T23:15:43.375Z"}
{"customer_id":"C00532","profile":"{\"first_name\":\"Thibaut\",\"last_name\":\"Fortye\",\"gender\":\"Male\",\"address\":{\"street\":\"22 Birchwood Parkway\",\"city\":\"Kresna\",\"country\":\"Bulgaria\"}}","updated":"2021-12-14T23:15:43.375Z"}
{"customer_id":"C00533","profile":"{\"first_name\":\"Twila\",\"last_name\":\"Fosberry\",\"gender\":\"Female\",\"address\":{\"street\":\"5 Di Loreto Court\",\"city\":\"Sunja\",\"country\":\"Croatia\"}}","updated":"2021-12-14T23:15:43.375Z"}
{"customer_id":"C00534","profile":"{\"first_name\":\"Ingar\",\"last_name\":\"Fosh\",\"gender\":\"Male\",\"address\":{\"street\":\"548 6th Trail\",\"city\":\"Mineralni Bani\",\"country\":\"Bulgaria\"}}","updated":"2021-12-14T23:15:43.375Z"}
{"customer_id":"C00535","email":"gfosken89@ftc.gov","profile":"{\"first_name\":\"Gretel\",\"last_name\":\"Fosken\",\"gender\":\"Female\",\"address\":{\"street\":\"3633 Mifflin Alley\",\"city\":\"Otradnyy\",\"country\":\"Russia\"}}","updated":"2021-12-14T23:15:43.375Z"}
{"customer_id":"C00536","email":"vfossittk1@mtv.com","profile":"{\"first_name\":\"Vickie\",\"last_name\":\"Fossitt\",\"gender\":\"Female\",\"address\":{\"street\":\"4746 Center Point\",\"city\":\"Meicheng\",\"country\":\"China\"}}","updated":"2021-12-14T23:15:43.375Z"}
{"customer_id":"C00537","email":"nfossittlg@washington.edu","profile":"{\"first_name\":\"Neila\",\"last_name\":\"Fossitt\",\"gender\":\"Female\",\"address\":{\"street\":\"8630 Anniversary Trail\",\"city\":\"Malishka\",\"country\":\"Armenia\"}}","updated":"2021-12-14T23:15:43.375Z"}
{"customer_id":"C00538","email":"dfouchci@naver.com","profile":"{\"first_name\":\"Den\",\"last_name\":\"Fouch\",\"gender\":\"Male\",\"address\":{\"street\":\"7 Linden Point\",\"city\":\"Vicente Guerrero\",\"country\":\"Mexico\"}}","updated":"2021-12-14T23:15:43.375Z"}
{"customer_id":"C00539","email":"sfowlesfn@washingtonpost.com","profile":"{\"first_name\":\"Shawna\",\"last_name\":\"Fowles\",\"gender\":\"Female\",\"address\":{\"street\":\"46931 Charing Cross Park\",\"city\":\"Lindavista\",\"country\":\"Mexico\"}}","updated":"2021-12-14T23:15:43.375Z"}
{"customer_id":"C00540","profile":"{\"first_name\":\"Consuelo\",\"last_name\":\"Francescone\",\"gender\":\"Female\",\"address\":{\"street\":\"9 South Court\",\"city\":\"Fort Abbās\",\"country\":\"Pakistan\"}}","updated":"2021-12-14T23:15:43.375Z"}
{"customer_id":"C00541","profile":"{\"first_name\":\"Deborah\",\"last_name\":\"Francey\",\"gender\":\"Genderqueer\",\"address\":{\"street\":\"2 Green Ridge Terrace\",\"city\":\"Soutelo\",\"country\":\"Portugal\"}}","updated":"2021-12-14T23:15:43.375Z"}
{"customer_id":"C00542","email":"hfrantsev41@scribd.com","profile":"{\"first_name\":\"Hadrian\",\"last_name\":\"Frantsev\",\"gender\":\"Male\",\"address\":{\"street\":\"3459 Norway Maple Pass\",\"city\":\"Youssoufia\",\"country\":\"Morocco\"}}","updated":"2021-12-14T23:15:43.375Z"}
{"customer_id":"C00543","profile":"{\"first_name\":\"Tricia\",\"last_name\":\"Franzewitch\",\"gender\":\"Polygender\",\"address\":{\"street\":\"3 Cordelia Court\",\"city\":\"Zoetermeer\",\"country\":\"Netherlands\"}}","updated":"2021-12-14T23:15:43.375Z"}
{"customer_id":"C00544","profile":"{\"first_name\":\"Kara\",\"last_name\":\"Franzonetti\",\"gender\":\"Female\",\"address\":{\"street\":\"9451 Bluejay Avenue\",\"city\":\"Zacatecoluca\",\"country\":\"El Salvador\"}}","updated":"2021-12-14T23:15:43.375Z"}
{"customer_id":"C00545","profile":"{\"first_name\":\"Stan\",\"last_name\":\"Fri\",\"gender\":\"Male\",\"address\":{\"street\":\"3 Bartelt Parkway\",\"city\":\"Gandra\",\"country\":\"Portugal\"}}","updated":"2021-12-14T23:15:43.375Z"}
{"customer_id":"C00546","profile":"{\"first_name\":\"Myrtice\",\"last_name\":\"Fritter\",\"gender\":\"Female\",\"address\":{\"street\":\"22733 Myrtle Way\",\"city\":\"Orurillo\",\"country\":\"Peru\"}}","updated":"2021-12-14T23:15:43.375Z"}
{"customer_id":"C00547","profile":"{\"first_name\":\"Angus\",\"last_name\":\"Frostdyke\",\"gender\":\"Male\",\"address\":{\"street\":\"6454 Blue Bill Park Road\",\"city\":\"Plyussa\",\"country\":\"Russia\"}}","updated":"2021-12-14T23:15:43.375Z"}
{"customer_id":"C00548","email":"lfruchondl@blogs.com","profile":"{\"first_name\":\"Libbi\",\"last_name\":\"Fruchon\",\"gender\":\"Female\",\"address\":{\"street\":\"74549 Thierer Drive\",\"city\":\"Daguo\",\"country\":\"China\"}}","updated":"2021-12-14T23:15:43.375Z"}
{"customer_id":"C00549","email":"dfudge5u@theatlantic.com","profile":"{\"first_name\":\"Dory\",\"last_name\":\"Fudge\",\"gender\":\"Male\",\"address\":{\"street\":\"4 Glendale Trail\",\"city\":\"Putina\",\"country\":\"Peru\"}}","updated":"2021-12-14T23:15:43.375Z"}
{"customer_id":"C00550","email":"hfulger96@about.com","profile":"{\"first_name\":\"Hyacinthe\",\"last_name\":\"Fulger\",\"gender\":\"Female\",\"address\":{\"street\":\"40364 Waubesa Crossing\",\"city\":\"Tunjuk Selatan\",\"country\":\"Indonesia\"}}","updated":"2021-12-14T23:15:43.375Z"}
{"customer_id":"C00551","email":"afullilovek9@51.la","profile":"{\"first_name\":\"Aurie\",\"last_name\":\"Fullilove\",\"gender\":\"Female\",\"address\":{\"street\":\"88735 Ridgeway Drive\",\"city\":\"Thị Trấn Bắc Hà\",\"country\":\"Vietnam\"}}","updated":"2021-12-14T23:15:43.375Z"}
{"customer_id":"C00552","email":"afurnival3r@statcounter.com","profile":"{\"first_name\":\"Agata\",\"last_name\":\"Furnival\",\"gender\":\"Female\",\"address\":{\"street\":\"4014 Anzinger Drive\",\"city\":\"Nakhon Phanom\",\"country\":\"Thailand\"}}","updated":"2021-12-14T23:15:43.375Z"}
{"customer_id":"C00553","email":"bgabby6t@jiathis.com","profile":"{\"first_name\":\"Bruis\",\"last_name\":\"Gabby\",\"gender\":\"Male\",\"address\":{\"street\":\"71 Anderson Road\",\"city\":\"Tsaghkadzor\",\"country\":\"Armenia\"}}","updated":"2021-12-14T23:15:43.375Z"}
{"customer_id":"C00554","email":"jgabeld@facebook.com","profile":"{\"first_name\":\"Janeta\",\"last_name\":\"Gabe\",\"gender\":\"Agender\",\"address\":{\"street\":\"16735 Prairieview Hill\",\"city\":\"Inđija\",\"country\":\"Serbia\"}}","updated":"2021-12-14T23:15:43.375Z"}
{"customer_id":"C00555","email":"sgabitis3u@blogs.com","profile":"{\"first_name\":\"Sada\",\"last_name\":\"Gabitis\",\"gender\":\"Female\",\"address\":{\"street\":\"14202 Northview Place\",\"city\":\"Capitán Sarmiento\",\"country\":\"Argentina\"}}","updated":"2021-12-14T23:15:43.375Z"}
{"customer_id":"C00556","email":"agablerlj@psu.edu","profile":"{\"first_name\":\"Ami\",\"last_name\":\"Gabler\",\"gender\":\"Female\",\"address\":{\"street\":\"9 Saint Paul Crossing\",\"city\":\"Tarusan\",\"country\":\"Philippines\"}}","updated":"2021-12-14T23:15:43.375Z"}
{"customer_id":"C00557","email":"cgadsbyi2@amazon.co.uk","profile":"{\"first_name\":\"Creight\",\"last_name\":\"Gadsby\",\"gender\":\"Male\",\"address\":{\"street\":\"80 Swallow Lane\",\"city\":\"Kohtla-Järve\",\"country\":\"Estonia\"}}","updated":"2021-12-14T23:15:43.375Z"}
{"customer_id":"C00558","email":"agalbreath28@opensource.org","profile":"{\"first_name\":\"Angelo\",\"last_name\":\"Galbreath\",\"gender\":\"Male\",\"address\":{\"street\":\"4659 Northwestern Court\",\"city\":\"Pleszew\",\"country\":\"Poland\"}}","updated":"2021-12-14T23:15:43.375Z"}
{"customer_id":"C00559","profile":"{\"first_name\":\"Patti\",\"last_name\":\"Gameson\",\"gender\":\"Female\",\"address\":{\"street\":\"77 Ludington Trail\",\"city\":\"Batangtoru\",\"country\":\"Indonesia\"}}","updated":"2021-12-14T23:15:43.375Z"}
{"customer_id":"C00560","email":"wgammelcw@livejournal.com","profile":"{\"first_name\":\"Walliw\",\"last_name\":\"Gammel\",\"gender\":\"Female\",\"address\":{\"street\":\"10 Chinook Trail\",\"city\":\"Yangjia\",\"country\":\"China\"}}","updated":"2021-12-14T23:15:43.375Z"}
{"customer_id":"C00561","email":"kgarmstonco@wunderground.com","profile":"{\"first_name\":\"Keenan\",\"last_name\":\"Garmston\",\"gender\":\"Male\",\"address\":{\"street\":\"44271 Spenser Center\",\"city\":\"Klaeng\",\"country\":\"Thailand\"}}","updated":"2021-12-14T23:15:43.375Z"}
{"customer_id":"C00562","email":"mgarretsoneu@csmonitor.com","profile":"{\"first_name\":\"Miner\",\"last_name\":\"Garretson\",\"gender\":\"Male\",\"address\":{\"street\":\"090 Straubel Crossing\",\"city\":\"Bełsznica\",\"country\":\"Poland\"}}","updated":"2021-12-14T23:15:43.375Z"}
{"customer_id":"C00563","email":"wgasconemo@cmu.edu","profile":"{\"first_name\":\"Wenda\",\"last_name\":\"Gascone\",\"gender\":\"Female\",\"address\":{\"street\":\"3034 Elgar Place\",\"city\":\"Ragay\",\"country\":\"Philippines\"}}","updated":"2021-12-14T23:15:43.375Z"}
{"customer_id":"C00564","profile":"{\"first_name\":\"Alida\",\"last_name\":\"Gass\",\"gender\":\"Female\",\"address\":{\"street\":\"156 Granby Crossing\",\"city\":\"Nor Gyugh\",\"country\":\"Armenia\"}}","updated":"2021-12-14T23:15:43.375Z"}
{"customer_id":"C00565","profile":"{\"first_name\":\"Dagmar\",\"last_name\":\"Gatenby\",\"gender\":\"Female\",\"address\":{\"street\":\"10022 Summer Ridge Point\",\"city\":\"Aubagne\",\"country\":\"France\"}}","updated":"2021-12-14T23:15:43.375Z"}
{"customer_id":"C00566","email":"lgaulerad@wikispaces.com","profile":"{\"first_name\":\"Leland\",\"last_name\":\"Gauler\",\"gender\":\"Male\",\"address\":{\"street\":\"80 Grover Court\",\"city\":\"Kunduz\",\"country\":\"Afghanistan\"}}","updated":"2021-12-14T23:15:43.375Z"}
{"customer_id":"C00567","profile":"{\"first_name\":\"Hieronymus\",\"last_name\":\"Gavrielly\",\"gender\":\"Male\",\"address\":{\"street\":\"05 Burrows Court\",\"city\":\"Papineauville\",\"country\":\"Canada\"}}","updated":"2021-12-14T23:15:43.375Z"}
{"customer_id":"C00568","profile":"{\"first_name\":\"Rafaelita\",\"last_name\":\"Geekie\",\"gender\":\"Female\",\"address\":{\"street\":\"7021 3rd Crossing\",\"city\":\"Ciomas\",\"country\":\"Indonesia\"}}","updated":"2021-12-14T23:15:43.375Z"}
{"customer_id":"C00569","email":"igeely91@va.gov","profile":"{\"first_name\":\"Ilse\",\"last_name\":\"Geely\",\"gender\":\"Female\",\"address\":{\"street\":\"9248 Surrey Lane\",\"city\":\"Sveg\",\"country\":\"Sweden\"}}","updated":"2021-12-14T23:15:43.375Z"}
{"customer_id":"C00570","email":"cgeering59@dell.com","profile":"{\"first_name\":\"Claudie\",\"last_name\":\"Geering\",\"gender\":\"Female\",\"address\":{\"street\":\"463 Summerview Pass\",\"city\":\"Yaojiagou\",\"country\":\"China\"}}","updated":"2021-12-14T23:15:43.375Z"}
{"customer_id":"C00571","email":"wgeeson35@europa.eu","profile":"{\"first_name\":\"Willis\",\"last_name\":\"Geeson\",\"gender\":\"Agender\",\"address\":{\"street\":\"06379 Arapahoe Point\",\"city\":\"Dvorichna\",\"country\":\"Ukraine\"}}","updated":"2021-12-14T23:15:43.375Z"}
{"customer_id":"C00572","profile":"{\"first_name\":\"Ronnica\",\"last_name\":\"Geist\",\"gender\":\"Female\",\"address\":{\"street\":\"064 Blaine Terrace\",\"city\":\"Ögöömör\",\"country\":\"Mongolia\"}}","updated":"2021-12-14T23:15:43.375Z"}
{"customer_id":"C00573","profile":"{\"first_name\":\"Andros\",\"last_name\":\"Gelling\",\"gender\":\"Male\",\"address\":{\"street\":\"5 Carioca Terrace\",\"city\":\"Chillia\",\"country\":\"Peru\"}}","updated":"2021-12-14T23:15:43.375Z"}
{"customer_id":"C00574","profile":"{\"first_name\":\"Jerrylee\",\"last_name\":\"Georg\",\"gender\":\"Bigender\",\"address\":{\"street\":\"471 Anzinger Park\",\"city\":\"Kokofata\",\"country\":\"Mali\"}}","updated":"2021-12-14T23:15:43.375Z"}
{"customer_id":"C00575","profile":"{\"first_name\":\"Martin\",\"last_name\":\"Germon\",\"gender\":\"Male\",\"address\":{\"street\":\"6331 Dorton Hill\",\"city\":\"Ar Rahad\",\"country\":\"Sudan\"}}","updated":"2021-12-14T23:15:43.375Z"}
{"customer_id":"C00576","profile":"{\"first_name\":\"Annie\",\"last_name\":\"Gerty\",\"gender\":\"Female\",\"address\":{\"street\":\"98475 Chinook Court\",\"city\":\"Pantubig\",\"country\":\"Philippines\"}}","updated":"2021-12-14T23:15:43.375Z"}
{"customer_id":"C00577","email":"agethouseah@baidu.com","profile":"{\"first_name\":\"Arel\",\"last_name\":\"Gethouse\",\"gender\":\"Genderqueer\",\"address\":{\"street\":\"94468 Anderson Point\",\"city\":\"Itacorubi\",\"country\":\"Brazil\"}}","updated":"2021-12-14T23:15:43.375Z"}
{"customer_id":"C00578","profile":"{\"first_name\":\"Bryan\",\"last_name\":\"Getsham\",\"gender\":\"Male\",\"address\":{\"street\":\"34135 Ridge Oak Place\",\"city\":\"Ete\",\"country\":\"Nigeria\"}}","updated":"2021-12-14T23:15:43.375Z"}
{"customer_id":"C00579","email":"cgheorghescuby@dailymail.co.uk","profile":"{\"first_name\":\"Catlaina\",\"last_name\":\"Gheorghescu\",\"gender\":\"Female\",\"address\":{\"street\":\"57605 Larry Alley\",\"city\":\"Vairão\",\"country\":\"Portugal\"}}","updated":"2021-12-14T23:15:43.375Z"}
{"customer_id":"C00580","profile":"{\"first_name\":\"Ara\",\"last_name\":\"Giddons\",\"gender\":\"Female\",\"address\":{\"street\":\"396 1st Plaza\",\"city\":\"Ylitornio\",\"country\":\"Finland\"}}","updated":"2021-12-14T23:15:43.375Z"}
{"customer_id":"C00581","email":"bgiddygw@amazon.com","profile":"{\"first_name\":\"Beltran\",\"last_name\":\"Giddy\",\"gender\":\"Male\",\"address\":{\"street\":\"2958 Grayhawk Crossing\",\"city\":\"Timurjaya\",\"country\":\"Indonesia\"}}","updated":"2021-12-14T23:15:43.375Z"}
{"customer_id":"C00582","profile":"{\"first_name\":\"Biron\",\"last_name\":\"Gilhouley\",\"gender\":\"Male\",\"address\":{\"street\":\"41286 Marquette Point\",\"city\":\"Jammāl\",\"country\":\"Tunisia\"}}","updated":"2021-12-14T23:15:43.375Z"}
{"customer_id":"C00583","email":"sgillbarda0@sina.com.cn","profile":"{\"first_name\":\"Sallee\",\"last_name\":\"Gillbard\",\"gender\":\"Female\",\"address\":{\"street\":\"2 Thompson Drive\",\"city\":\"Port Nolloth\",\"country\":\"South Africa\"}}","updated":"2021-12-14T23:15:43.375Z"}
{"customer_id":"C00584","email":"agillettd4@goo.ne.jp","profile":"{\"first_name\":\"Amaleta\",\"last_name\":\"Gillett\",\"gender\":\"Female\",\"address\":{\"street\":\"140 Oxford Lane\",\"city\":\"Novopokrovka\",\"country\":\"Ukraine\"}}","updated":"2021-12-14T23:15:43.375Z"}
{"customer_id":"C00585","email":"rgillionsgg@youtu.be","profile":"{\"first_name\":\"Remington\",\"last_name\":\"Gillions\",\"gender\":\"Male\",\"address\":{\"street\":\"97 Coolidge Plaza\",\"city\":\"Valencia\",\"country\":\"Philippines\"}}","updated":"2021-12-14T23:15:43.375Z"}
{"customer_id":"C00586","email":"ggimertbl@php.net","profile":"{\"first_name\":\"Gavra\",\"last_name\":\"Gimert\",\"gender\":\"Female\",\"address\":{\"street\":\"8 Atwood Park\",\"city\":\"Bayamo\",\"country\":\"Cuba\"}}","updated":"2021-12-14T23:15:43.375Z"}
{"customer_id":"C00587","profile":"{\"first_name\":\"Ulrich\",\"last_name\":\"Ginie\",\"gender\":\"Polygender\",\"address\":{\"street\":\"885 Comanche Point\",\"city\":\"San Roque\",\"country\":\"Philippines\"}}","updated":"2021-12-14T23:15:43.375Z"}
{"customer_id":"C00588","email":"bginnally45@hatena.ne.jp","profile":"{\"first_name\":\"Bendix\",\"last_name\":\"Ginnally\",\"gender\":\"Male\",\"address\":{\"street\":\"21 Columbus Street\",\"city\":\"Ipoh\",\"country\":\"Malaysia\"}}","updated":"2021-12-14T23:15:43.375Z"}
{"customer_id":"C00589","email":"dginneri0@census.gov","profile":"{\"first_name\":\"Damiano\",\"last_name\":\"Ginner\",\"gender\":\"Male\",\"address\":{\"street\":\"6372 Welch Pass\",\"city\":\"Błędów\",\"country\":\"Poland\"}}","updated":"2021-12-14T23:15:43.375Z"}
{"customer_id":"C00590","profile":"{\"first_name\":\"Dunstan\",\"last_name\":\"Gissing\",\"gender\":\"Male\",\"address\":{\"street\":\"9 Old Gate Junction\",\"city\":\"Columbus\",\"country\":\"United States\"}}","updated":"2021-12-14T23:15:43.375Z"}
{"customer_id":"C00591","email":"wgiveenmr@studiopress.com","profile":"{\"first_name\":\"Willabella\",\"last_name\":\"Giveen\",\"gender\":\"Female\",\"address\":{\"street\":\"450 Ryan Hill\",\"city\":\"Vitry-le-François\",\"country\":\"France\"}}","updated":"2021-12-14T23:15:43.375Z"}
{"customer_id":"C00592","email":"aglassmanqj@reference.com","profile":"{\"first_name\":\"Andrea\",\"last_name\":\"Glassman\",\"gender\":\"Agender\",\"address\":{\"street\":\"1 Kennedy Point\",\"city\":\"Itapema\",\"country\":\"Brazil\"}}","updated":"2021-12-14T23:15:43.375Z"}
{"customer_id":"C00593","email":"sgludorg2@1und1.de","profile":"{\"first_name\":\"Siffre\",\"last_name\":\"Gludor\",\"gender\":\"Male\",\"address\":{\"street\":\"0264 Pennsylvania Pass\",\"city\":\"Filótion\",\"country\":\"Greece\"}}","updated":"2021-12-14T23:15:43.375Z"}
{"customer_id":"C00594","email":"agoadbiecl@opensource.org","profile":"{\"first_name\":\"Annelise\",\"last_name\":\"Goadbie\",\"gender\":\"Genderqueer\",\"address\":{\"street\":\"91077 Scoville Lane\",\"city\":\"Santana do Paraíso\",\"country\":\"Brazil\"}}","updated":"2021-12-14T23:15:43.375Z"}
{"customer_id":"C00595","email":"pgoburn7j@reference.com","profile":"{\"first_name\":\"Peter\",\"last_name\":\"Goburn\",\"gender\":\"Male\",\"address\":{\"street\":\"032 Spenser Avenue\",\"city\":\"Rozwadza\",\"country\":\"Poland\"}}","updated":"2021-12-14T23:15:43.375Z"}
{"customer_id":"C00596","email":"tgodarjy@scientificamerican.com","profile":"{\"first_name\":\"Tulley\",\"last_name\":\"Godar\",\"gender\":\"Male\",\"address\":{\"street\":\"95256 Shopko Street\",\"city\":\"São Martinho\",\"country\":\"Portugal\"}}","updated":"2021-12-14T23:15:43.375Z"}
{"customer_id":"C00597","email":"hgofforthqm@youtube.com","profile":"{\"first_name\":\"Hall\",\"last_name\":\"Gofforth\",\"gender\":\"Male\",\"address\":{\"street\":\"5 Crownhardt Avenue\",\"city\":\"Hekou\",\"country\":\"China\"}}","updated":"2021-12-14T23:15:43.375Z"}
{"customer_id":"C00598","profile":"{\"first_name\":\"Bartlet\",\"last_name\":\"Gofton\",\"gender\":\"Male\",\"address\":{\"street\":\"4599 Blaine Lane\",\"city\":\"Reni\",\"country\":\"Ukraine\"}}","updated":"2021-12-14T23:15:43.375Z"}
{"customer_id":"C00599","profile":"{\"first_name\":\"Leeland\",\"last_name\":\"Goldsmith\",\"gender\":\"Male\",\"address\":{\"street\":\"6 Blaine Alley\",\"city\":\"Tempuran\",\"country\":\"Indonesia\"}}","updated":"2021-12-14T23:15:43.375Z"}
{"customer_id":"C00600","email":"dgoly7h@nhs.uk","profile":"{\"first_name\":\"Darcie\",\"last_name\":\"Goly\",\"gender\":\"Female\",\"address\":{\"street\":\"0223 Pearson Alley\",\"city\":\"Charleroi\",\"country\":\"Belgium\"}}","updated":"2021-12-14T23:15:43.375Z"}