{"customer_id":"C01501","email":"msuller31@cnbc.com","profile":"{\"first_name\":\"Mitchell\",\"last_name\":\"Suller\",\"gender\":\"Male\",\"address\":{\"street\":\"64 Ridge Oak Place\",\"city\":\"Krông Kmar\",\"country\":\"Vietnam\"}}","updated":"2021-12-14T23:15:43.375Z"}
{"customer_id":"C01502","email":"asuller5o@paypal.com","profile":"{\"first_name\":\"Aprilette\",\"last_name\":\"Suller\",\"gender\":\"Female\",\"address\":{\"street\":\"425 Dovetail Way\",\"city\":\"Vitez\",\"country\":\"Bosnia and Herzegovina\"}}","updated":"2021-12-14T23:15:43.375Z"}
{"customer_id":"C01503","email":"gsunshinef0@tmall.com","profile":"{\"first_name\":\"Genni\",\"last_name\":\"Sunshine\",\"gender\":\"Non-binary\",\"address\":{\"street\":\"8 Westerfield Drive\",\"city\":\"Bang Krathum\",\"country\":\"Thailand\"}}","updated":"2021-12-14T23:15:43.375Z"}
{"customer_id":"C01504","profile":"{\"first_name\":\"Klemens\",\"last_name\":\"Sunter\",\"gender\":\"Male\",\"address\":{\"street\":\"28 Butterfield Park\",\"city\":\"Sai’erlong Xiang\",\"country\":\"China\"}}","updated":"2021-12-14T23:15:43.375Z"}
{"customer_id":"C01505","email":"msurteesqx@wiley.com","profile":"{\"first_name\":\"Maurine\",\"last_name\":\"Surtees\",\"gender\":\"Female\",\"address\":{\"street\":\"4841 Loftsgordon Avenue\",\"city\":\"Keren\",\"country\":\"Eritrea\"}}","updated":"2021-12-14T23:15:43.375Z"}
{"customer_id":"C01506","email":"sswainhz@yelp.com","profile":"{\"first_name\":\"Stu\",\"last_name\":\"Swain\",\"gender\":\"Male\",\"address\":{\"street\":\"57470 Golf Course Parkway\",\"city\":\"Ambatofinandrahana\",\"country\":\"Madagascar\"}}","updated":"2021-12-14T23:15:43.375Z"}
{"customer_id":"C01507","email":"ssweetlandhy@sina.com.cn","profile":"{\"first_name\":\"Sunny\",\"last_name\":\"Sweetland\",\"gender\":\"Polygender\",\"address\":{\"street\":\"641 Northview Park\",\"city\":\"Smålandsstenar\",\"country\":\"Sweden\"}}","updated":"2021-12-14T23:15:43.375Z"}
{"customer_id":"C01508","email":"csweetlove1i@qq.com","profile":"{\"first_name\":\"Cornie\",\"last_name\":\"Sweetlove\",\"gender\":\"Female\",\"address\":{\"street\":\"842 American Ash Plaza\",\"city\":\"Xinshiba\",\"country\":\"China\"}}","updated":"2021-12-14T23:15:43.375Z"}
{"customer_id":"C01509","email":"hswinneyaj@newyorker.com","profile":"{\"first_name\":\"Helge\",\"last_name\":\"Swinney\",\"gender\":\"Female\",\"address\":{\"street\":\"506 Jackson Place\",\"city\":\"Sokyryany\",\"country\":\"Ukraine\"}}","updated":"2021-12-14T23:15:43.375Z"}
{"customer_id":"C01510","email":"aswoffer9m@paginegialle.it","profile":"{\"first_name\":\"Artemas\",\"last_name\":\"Swoffer\",\"gender\":\"Bigender\",\"address\":{\"street\":\"2 Troy Point\",\"city\":\"Liaoyang\",\"country\":\"China\"}}","updated":"2021-12-14T23:15:43.375Z"}
{"customer_id":"C01511","email":"mswyerqu@twitter.com","profile":"{\"first_name\":\"Meredeth\",\"last_name\":\"Swyer\",\"gender\":\"Male\",\"address\":{\"street\":\"5 Sugar Alley\",\"city\":\"Sifala\",\"country\":\"Indonesia\"}}","updated":"2021-12-14T23:15:43.375Z"}
{"customer_id":"C01512","email":"ksyce88@google.com.br","profile":"{\"first_name\":\"Kakalina\",\"last_name\":\"Syce\",\"gender\":\"Female\",\"address\":{\"street\":\"23 Springs Avenue\",\"city\":\"Göteborg\",\"country\":\"Sweden\"}}","updated":"2021-12-14T23:15:43.375Z"}
{"customer_id":"C01513","email":"esymcock8t@soundcloud.com","profile":"{\"first_name\":\"Emilia\",\"last_name\":\"Symcock\",\"gender\":\"Female\",\"address\":{\"street\":\"7 Milwaukee Center\",\"city\":\"Vienne\",\"country\":\"France\"}}","updated":"2021-12-14T23:15:43.375Z"}
{"customer_id":"C01514","email":"nsymperrm@hp.com","profile":"{\"first_name\":\"Noam\",\"last_name\":\"Symper\",\"gender\":\"Non-binary\",\"address\":{\"street\":\"551 Washington Point\",\"city\":\"Shaoxing\",\"country\":\"China\"}}","updated":"2021-12-14T23:15:43.375Z"}
{"customer_id":"C01515","email":"ssynnotbs@tmall.com","profile":"{\"first_name\":\"Sherwood\",\"last_name\":\"Synnot\",\"gender\":\"Male\",\"address\":{\"street\":\"48961 Grim Alley\",\"city\":\"Rengo\",\"country\":\"Chile\"}}","updated":"2021-12-14T23:15:43.375Z"}
{"customer_id":"C01516","email":"tszimonjg@prnewswire.com","profile":"{\"first_name\":\"Thomas\",\"last_name\":\"Szimon\",\"gender\":\"Male\",\"address\":{\"street\":\"7 Bluestem Parkway\",\"city\":\"Jiangduo\",\"country\":\"China\"}}","updated":"2021-12-14T23:15:43.375Z"}
{"customer_id":"C01517","email":"ctabordre@e-recht24.de","profile":"{\"first_name\":\"Corrie\",\"last_name\":\"Tabord\",\"gender\":\"Male\",\"address\":{\"street\":\"0819 Dottie Point\",\"city\":\"Merdeka\",\"country\":\"Indonesia\"}}","updated":"2021-12-14T23:15:43.375Z"}
{"customer_id":"C01518","email":"dtaffrey5p@diigo.com","profile":"{\"first_name\":\"Deana\",\"last_name\":\"Taffrey\",\"gender\":\"Female\",\"address\":{\"street\":\"58 Basil Way\",\"city\":\"Markópoulo Oropoú\",\"country\":\"Greece\"}}","updated":"2021-12-14T23:15:43.375Z"}
{"customer_id":"C01519","email":"staillardbf@etsy.com","profile":"{\"first_name\":\"Sigismond\",\"last_name\":\"Taillard\",\"gender\":\"Male\",\"address\":{\"street\":\"436 Hazelcrest Junction\",\"city\":\"Cariamanga\",\"country\":\"Ecuador\"}}","updated":"2021-12-14T23:15:43.375Z"}
{"customer_id":"C01520","email":"htarbeta@pen.io","profile":"{\"first_name\":\"Hamilton\",\"last_name\":\"Tarbet\",\"gender\":\"Non-binary\",\"address\":{\"street\":\"970 Menomonie Crossing\",\"city\":\"Usarin\",\"country\":\"Palestinian Territory\"}}","updated":"2021-12-14T23:15:43.375Z"}
{"customer_id":"C01521","email":"ctarbox67@cdbaby.com","profile":"{\"first_name\":\"Cati\",\"last_name\":\"Tarbox\",\"gender\":\"Female\",\"address\":{\"street\":\"43326 Coleman Court\",\"city\":\"Cintawana\",\"country\":\"Indonesia\"}}","updated":"2021-12-14T23:15:43.375Z"}
{"customer_id":"C01522","email":"otatershallat@edublogs.org","profile":"{\"first_name\":\"Orville\",\"last_name\":\"Tatershall\",\"gender\":\"Male\",\"address\":{\"street\":\"807 Doe Crossing Court\",\"city\":\"Yingzhou\",\"country\":\"China\"}}","updated":"2021-12-14T23:15:43.375Z"}
{"customer_id":"C01523","profile":"{\"first_name\":\"Tommi\",\"last_name\":\"Tattersill\",\"gender\":\"Female\",\"address\":{\"street\":\"143 Cascade Way\",\"city\":\"Martinlongo\",\"country\":\"Portugal\"}}","updated":"2021-12-14T23:15:43.375Z"}
{"customer_id":"C01524","profile":"{\"first_name\":\"Susann\",\"last_name\":\"Tebbet\",\"gender\":\"Female\",\"address\":{\"street\":\"27 Rieder Crossing\",\"city\":\"Ulcinj\",\"country\":\"Montenegro\"}}","updated":"2021-12-14T23:15:43.375Z"}
{"customer_id":"C01525","email":"stellenbroker6k@dedecms.com","profile":"{\"first_name\":\"Sabra\",\"last_name\":\"Tellenbroker\",\"gender\":\"Female\",\"address\":{\"street\":\"80341 Morningstar Center\",\"city\":\"Gujun\",\"country\":\"China\"}}","updated":"2021-12-14T23:15:43.375Z"}
{"customer_id":"C01526","email":"ltemlix@drupal.org","profile":"{\"first_name\":\"Lynea\",\"last_name\":\"Teml\",\"gender\":\"Female\",\"address\":{\"street\":\"504 Westend Road\",\"city\":\"Miyakonojō\",\"country\":\"Japan\"}}","updated":"2021-12-14T23:15:43.375Z"}
{"customer_id":"C01527","profile":"{\"first_name\":\"Aluino\",\"last_name\":\"Temple\",\"gender\":\"Male\",\"address\":{\"street\":\"501 Maywood Hill\",\"city\":\"Runan\",\"country\":\"China\"}}","updated":"2021-12-14T23:15:43.375Z"}
{"customer_id":"C01528","email":"itetleyqt@moonfruit.com","profile":"{\"first_name\":\"Ingunna\",\"last_name\":\"Tetley\",\"gender\":\"Female\",\"address\":{\"street\":\"8 Shopko Hill\",\"city\":\"Tagum\",\"country\":\"Philippines\"}}","updated":"2021-12-14T23:15:43.375Z"}
{"customer_id":"C01529","email":"jthamesbo@phoca.cz","profile":"{\"first_name\":\"Jena\",\"last_name\":\"Thames\",\"gender\":\"Female\",\"address\":{\"street\":\"52 Basil Circle\",\"city\":\"Canguçu\",\"country\":\"Brazil\"}}","updated":"2021-12-14T23:15:43.375Z"}
{"customer_id":"C01530","email":"athexton2t@disqus.com","profile":"{\"first_name\":\"Aeriel\",\"last_name\":\"Thexton\",\"gender\":\"Female\",\"address\":{\"street\":\"585 Sunnyside Center\",\"city\":\"Szczurowa\",\"country\":\"Poland\"}}","updated":"2021-12-14T23:15:43.375Z"}
{"customer_id":"C01531","email":"nthirkettle7t@taobao.com","profile":"{\"first_name\":\"Nobe\",\"last_name\":\"Thirkettle\",\"gender\":\"Male\",\"address\":{\"street\":\"37975 La Follette Circle\",\"city\":\"Zaliznychne\",\"country\":\"Ukraine\"}}","updated":"2021-12-14T23:15:43.375Z"}
{"customer_id":"C01532","profile":"{\"first_name\":\"Rey\",\"last_name\":\"Thirtle\",\"gender\":\"Male\",\"address\":{\"street\":\"4993 Straubel Plaza\",\"city\":\"Buenavista\",\"country\":\"Mexico\"}}","updated":"2021-12-14T23:15:43.375Z"}
{"customer_id":"C01533","profile":"{\"first_name\":\"Tisha\",\"last_name\":\"Thomen\",\"gender\":\"Female\",\"address\":{\"street\":\"87 Algoma Street\",\"city\":\"Athi River\",\"country\":\"Kenya\"}}","updated":"2021-12-14T23:15:43.375Z"}
{"customer_id":"C01534","email":"cthorsbyj0@ucsd.edu","profile":"{\"first_name\":\"Carola\",\"last_name\":\"Thorsby\",\"gender\":\"Female\",\"address\":{\"street\":\"99236 Hauk Road\",\"city\":\"El Progreso\",\"country\":\"Mexico\"}}","updated":"2021-12-14T23:15:43.375Z"}
{"customer_id":"C01535","email":"cthumnelfy@abc.net.au","profile":"{\"first_name\":\"Corliss\",\"last_name\":\"Thumnel\",\"gender\":\"Female\",\"address\":{\"street\":\"58084 Stone Corner Center\",\"city\":\"Azeitão\",\"country\":\"Portugal\"}}","updated":"2021-12-14T23:15:43.375Z"}
{"customer_id":"C01536","profile":"{\"first_name\":\"Barbra\",\"last_name\":\"Thurske\",\"gender\":\"Female\",\"address\":{\"street\":\"6 Russell Crossing\",\"city\":\"Sanjiang\",\"country\":\"China\"}}","updated":"2021-12-14T23:15:43.375Z"}
{"customer_id":"C01537","profile":"{\"first_name\":\"Andrus\",\"last_name\":\"Thwaite\",\"gender\":\"Male\",\"address\":{\"street\":\"2015 Sutherland Center\",\"city\":\"Piracicaba\",\"country\":\"Brazil\"}}","updated":"2021-12-14T23:15:43.375Z"}
{"customer_id":"C01538","email":"athysjf@friendfeed.com","profile":"{\"first_name\":\"Adrienne\",\"last_name\":\"Thys\",\"gender\":\"Female\",\"address\":{\"street\":\"9 Tennyson Court\",\"city\":\"Bil‘īn\",\"country\":\"Palestinian Territory\"}}","updated":"2021-12-14T23:15:43.375Z"}
{"customer_id":"C01539","email":"ntiddemand0@flickr.com","profile":"{\"first_name\":\"Nappie\",\"last_name\":\"Tiddeman\",\"gender\":\"Male\",\"address\":{\"street\":\"541 Ronald Regan Terrace\",\"city\":\"Maltahöhe\",\"country\":\"Namibia\"}}","updated":"2021-12-14T23:15:43.375Z"}
{"customer_id":"C01540","profile":"{\"first_name\":\"Vallie\",\"last_name\":\"Tidswell\",\"gender\":\"Female\",\"address\":{\"street\":\"63 Florence Junction\",\"city\":\"Jinzhou\",\"country\":\"China\"}}","updated":"2021-12-14T23:15:43.375Z"}
{"customer_id":"C01541","email":"otignermw@dion.ne.jp","profile":"{\"first_name\":\"Olin\",\"last_name\":\"Tigner\",\"gender\":\"Male\",\"address\":{\"street\":\"4995 Bonner Lane\",\"city\":\"Qiubin\",\"country\":\"China\"}}","updated":"2021-12-14T23:15:43.375Z"}
{"customer_id":"C01542","email":"dtilt9x@canalblog.com","profile":"{\"first_name\":\"Dennison\",\"last_name\":\"Tilt\",\"gender\":\"Male\",\"address\":{\"street\":\"7 Ohio Court\",\"city\":\"Plato\",\"country\":\"Colombia\"}}","updated":"2021-12-14T23:15:43.375Z"}
{"customer_id":"C01543","profile":"{\"first_name\":\"Kial\",\"last_name\":\"Timmermann\",\"gender\":\"Female\",\"address\":{\"street\":\"23300 Ramsey Terrace\",\"city\":\"Boka\",\"country\":\"Serbia\"}}","updated":"2021-12-14T23:15:43.375Z"}
{"customer_id":"C01544","email":"ltinglerb@xrea.com","profile":"{\"first_name\":\"Lolita\",\"last_name\":\"Tingle\",\"gender\":\"Female\",\"address\":{\"street\":\"3710 Green Ridge Drive\",\"city\":\"Yanhe\",\"country\":\"China\"}}","updated":"2021-12-14T23:15:43.375Z"}
{"customer_id":"C01545","email":"ttinto1j@dyndns.org","profile":"{\"first_name\":\"Trey\",\"last_name\":\"Tinto\",\"gender\":\"Genderfluid\",\"address\":{\"street\":\"15 Loftsgordon Junction\",\"city\":\"Landerneau\",\"country\":\"France\"}}","updated":"2021-12-14T23:15:43.375Z"}
{"customer_id":"C01546","email":"ctitheridgeed@mozilla.com","profile":"{\"first_name\":\"Cherye\",\"last_name\":\"Titheridge\",\"gender\":\"Female\",\"address\":{\"street\":\"496 Crescent Oaks Center\",\"city\":\"Kisarawe\",\"country\":\"Tanzania\"}}","updated":"2021-12-14T23:15:43.375Z"}
{"customer_id":"C01547","email":"ptixall6q@mit.edu","profile":"{\"first_name\":\"Paten\",\"last_name\":\"Tixall\",\"gender\":\"Male\",\"address\":{\"street\":\"8718 Nevada Junction\",\"city\":\"Diavatós\",\"country\":\"Greece\"}}","updated":"2021-12-14T23:15:43.375Z"}
{"customer_id":"C01548","email":"ttolerie@seesaa.net","profile":"{\"first_name\":\"Teri\",\"last_name\":\"Toler\",\"gender\":\"Female\",\"address\":{\"street\":\"47910 Debra Center\",\"city\":\"Santa Catalina\",\"country\":\"Peru\"}}","updated":"2021-12-14T23:15:43.375Z"}
{"customer_id":"C01549","email":"ztolwoodbf@mtv.com","profile":"{\"first_name\":\"Zak\",\"last_name\":\"Tolwood\",\"gender\":\"Polygender\",\"address\":{\"street\":\"02 Waywood Court\",\"city\":\"Weiting\",\"country\":\"China\"}}","updated":"2021-12-14T23:15:43.375Z"}
{"customer_id":"C01550","profile":"{\"first_name\":\"Haskel\",\"last_name\":\"Tommen\",\"gender\":\"Male\",\"address\":{\"street\":\"855 Montana Hill\",\"city\":\"Dongfanghong\",\"country\":\"China\"}}","updated":"2021-12-14T23:15:43.375Z"}
{"customer_id":"C01551","profile":"{\"first_name\":\"Stanleigh\",\"last_name\":\"Tomson\",\"gender\":\"Male\",\"address\":{\"street\":\"9811 Carberry Avenue\",\"city\":\"Gikongoro\",\"country\":\"Rwanda\"}}","updated":"2021-12-14T23:15:43.375Z"}
{"customer_id":"C01552","email":"ktoolin5q@wikipedia.org","profile":"{\"first_name\":\"Killie\",\"last_name\":\"Toolin\",\"gender\":\"Male\",\"address\":{\"street\":\"36445 Tennessee Court\",\"city\":\"Cosne-Cours-sur-Loire\",\"country\":\"France\"}}","updated":"2021-12-14T23:15:43.375Z"}
{"customer_id":"C01553","email":"etoombes6a@skyrock.com","profile":"{\"first_name\":\"Editha\",\"last_name\":\"Toombes\",\"gender\":\"Female\",\"address\":{\"street\":\"796 Knutson Trail\",\"city\":\"Basey\",\"country\":\"Philippines\"}}","updated":"2021-12-14T23:15:43.375Z"}
{"customer_id":"C01554","profile":"{\"first_name\":\"Farrand\",\"last_name\":\"Torrese\",\"gender\":\"Female\",\"address\":{\"street\":\"71495 Rieder Center\",\"city\":\"Akkol’\",\"country\":\"Kazakhstan\"}}","updated":"2021-12-14T23:15:43.375Z"}
{"customer_id":"C01555","email":"ntouretgt@hatena.ne.jp","profile":"{\"first_name\":\"Nestor\",\"last_name\":\"Touret\",\"gender\":\"Male\",\"address\":{\"street\":\"51 Logan Alley\",\"city\":\"Kitcharao\",\"country\":\"Philippines\"}}","updated":"2021-12-14T23:15:43.375Z"}
{"customer_id":"C01556","profile":"{\"first_name\":\"Valentina\",\"last_name\":\"Towersey\",\"gender\":\"Female\",\"address\":{\"street\":\"251 Service Drive\",\"city\":\"Bethlehem\",\"country\":\"South Africa\"}}","updated":"2021-12-14T23:15:43.375Z"}
{"customer_id":"C01557","email":"dtowlkt@deliciousdays.com","profile":"{\"first_name\":\"Darlene\",\"last_name\":\"Towl\",\"gender\":\"Female\",\"address\":{\"street\":\"73 Hooker Plaza\",\"city\":\"Skelivka\",\"country\":\"Ukraine\"}}","updated":"2021-12-14T23:15:43.375Z"}
{"customer_id":"C01558","profile":"{\"first_name\":\"Nelly\",\"last_name\":\"Traice\",\"gender\":\"Female\",\"address\":{\"street\":\"85458 Wayridge Park\",\"city\":\"Wufeng\",\"country\":\"China\"}}","updated":"2021-12-14T23:15:43.375Z"}
{"customer_id":"C01559","email":"jtravesi5@t.co","profile":"{\"first_name\":\"Jena\",\"last_name\":\"Traves\",\"gender\":\"Female\",\"address\":{\"street\":\"50 Victoria Court\",\"city\":\"El Alamo\",\"country\":\"Mexico\"}}","updated":"2021-12-14T23:15:43.375Z"}
{"customer_id":"C01560","email":"mtreanorpk@mashable.com","profile":"{\"first_name\":\"Melania\",\"last_name\":\"Treanor\",\"gender\":\"Female\",\"address\":{\"street\":\"90 Bay Alley\",\"city\":\"Przytyk\",\"country\":\"Poland\"}}","updated":"2021-12-14T23:15:43.375Z"}
{"customer_id":"C01561","email":"jtrembath96@elegantthemes.com","profile":"{\"first_name\":\"Joey\",\"last_name\":\"Trembath\",\"gender\":\"Female\",\"address\":{\"street\":\"35 Larry Hill\",\"city\":\"Naju\",\"country\":\"South Korea\"}}","updated":"2021-12-14T23:15:43.375Z"}
{"customer_id":"C01562","email":"ntremolletfl@liveinternet.ru","profile":"{\"first_name\":\"Noel\",\"last_name\":\"Tremollet\",\"gender\":\"Female\",\"address\":{\"street\":\"48658 Namekagon Court\",\"city\":\"Heshi\",\"country\":\"China\"}}","updated":"2021-12-14T23:15:43.375Z"}
{"customer_id":"C01563","email":"ttressler4u@washingtonpost.com","profile":"{\"first_name\":\"Tadio\",\"last_name\":\"Tressler\",\"gender\":\"Male\",\"address\":{\"street\":\"3 Becker Avenue\",\"city\":\"Armopa\",\"country\":\"Indonesia\"}}","updated":"2021-12-14T23:15:43.375Z"}
{"customer_id":"C01564","email":"wtrimerq@gizmodo.com","profile":"{\"first_name\":\"Willabella\",\"last_name\":\"Trime\",\"gender\":\"Female\",\"address\":{\"street\":\"10937 Elmside Trail\",\"city\":\"Caloue\",\"country\":\"Indonesia\"}}","updated":"2021-12-14T23:15:43.375Z"}
{"customer_id":"C01565","profile":"{\"first_name\":\"Scotty\",\"last_name\":\"Troppmann\",\"gender\":\"Male\",\"address\":{\"street\":\"8 Jackson Junction\",\"city\":\"Concord\",\"country\":\"Canada\"}}","updated":"2021-12-14T23:15:43.375Z"}
{"customer_id":"C01566","email":"ktroughtonj9@trellian.com","profile":"{\"first_name\":\"Kara\",\"last_name\":\"Troughton\",\"gender\":\"Female\",\"address\":{\"street\":\"162 Lerdahl Crossing\",\"city\":\"Jabon\",\"country\":\"Indonesia\"}}","updated":"2021-12-14T23:15:43.375Z"}
{"customer_id":"C01567","email":"itroyesch@shareasale.com","profile":"{\"first_name\":\"Iago\",\"last_name\":\"Troyes\",\"gender\":\"Male\",\"address\":{\"street\":\"225 Schlimgen Road\",\"city\":\"Loujiadian\",\"country\":\"China\"}}","updated":"2021-12-14T23:15:43.375Z"}
{"customer_id":"C01568","email":"btruggian7u@pinterest.com","profile":"{\"first_name\":\"Brenn\",\"last_name\":\"Truggian\",\"gender\":\"Female\",\"address\":{\"street\":\"02 Monument Circle\",\"city\":\"Makuyuni\",\"country\":\"Tanzania\"}}","updated":"2021-12-14T23:15:43.375Z"}
{"customer_id":"C01569","email":"rtrusteybs@smugmug.com","profile":"{\"first_name\":\"Ricoriki\",\"last_name\":\"Trustey\",\"gender\":\"Male\",\"address\":{\"street\":\"56 Moose Drive\",\"city\":\"Boden\",\"country\":\"Sweden\"}}","updated":"2021-12-14T23:15:43.375Z"}
{"customer_id":"C01570","email":"ttschierascheis@merriam-webster.com","profile":"{\"first_name\":\"Temple\",\"last_name\":\"Tschierasche\",\"gender\":\"Male\",\"address\":{\"street\":\"37 Division Hill\",\"city\":\"Turba\",\"country\":\"Estonia\"}}","updated":"2021-12-14T23:15:43.375Z"}
{"customer_id":"C01571","email":"ktudgejq@ebay.co.uk","profile":"{\"first_name\":\"Kym\",\"last_name\":\"Tudge\",\"gender\":\"Female\",\"address\":{\"street\":\"19059 Stephen Parkway\",\"city\":\"Thap Than\",\"country\":\"Thailand\"}}","updated":"2021-12-14T23:15:43.375Z"}
{"customer_id":"C01572","email":"stumultyjj@npr.org","profile":"{\"first_name\":\"Sara-ann\",\"last_name\":\"Tumulty\",\"gender\":\"Female\",\"address\":{\"street\":\"07216 Dakota Street\",\"city\":\"Cambanay\",\"country\":\"Philippines\"}}","updated":"2021-12-14T23:15:43.375Z"}
{"customer_id":"C01573","profile":"{\"first_name\":\"Fayette\",\"last_name\":\"Tunnadine\",\"gender\":\"Female\",\"address\":{\"street\":\"16104 School Point\",\"city\":\"Shuangjing\",\"country\":\"China\"}}","updated":"2021-12-14T23:15:43.375Z"}
{"customer_id":"C01574","profile":"{\"first_name\":\"Claudie\",\"last_name\":\"Tunnicliffe\",\"gender\":\"Female\",\"address\":{\"street\":\"11254 Maryland Avenue\",\"city\":\"Ust’ye\",\"country\":\"Russia\"}}","updated":"2021-12-14T23:15:43.375Z"}
{"customer_id":"C01575","email":"bturle34@si.edu","profile":"{\"first_name\":\"Brien\",\"last_name\":\"Turle\",\"gender\":\"Male\",\"address\":{\"street\":\"8086 Lotheville Plaza\",\"city\":\"Baima\",\"country\":\"China\"}}","updated":"2021-12-14T23:15:43.375Z"}
{"customer_id":"C01576","email":"bturnerev@soup.io","profile":"{\"first_name\":\"Bard\",\"last_name\":\"Turner\",\"gender\":\"Male\",\"address\":{\"street\":\"89821 Talmadge Drive\",\"city\":\"General Conesa\",\"country\":\"Argentina\"}}","updated":"2021-12-14T23:15:43.375Z"}
{"customer_id":"C01577","email":"gtuxwella9@tmall.com","profile":"{\"first_name\":\"Garvey\",\"last_name\":\"Tuxwell\",\"gender\":\"Male\",\"address\":{\"street\":\"8 Myrtle Road\",\"city\":\"Várzeas\",\"country\":\"Portugal\"}}","updated":"2021-12-14T23:15:43.375Z"}
{"customer_id":"C01578","email":"ktweedymc@seattletimes.com","profile":"{\"first_name\":\"Kendrick\",\"last_name\":\"Tweedy\",\"gender\":\"Male\",\"address\":{\"street\":\"97748 Hermina Way\",\"city\":\"Esperanza\",\"country\":\"Philippines\"}}","updated":"2021-12-14T23:15:43.375Z"}
{"customer_id":"C01579","email":"ftwigge3n@eepurl.com","profile":"{\"first_name\":\"Felicle\",\"last_name\":\"Twigge\",\"gender\":\"Female\",\"address\":{\"street\":\"86385 West Hill\",\"city\":\"Le Kremlin-Bicêtre\",\"country\":\"France\"}}","updated":"2021-12-14T23:15:43.375Z"}
{"customer_id":"C01580","email":"htyler54@xing.com","profile":"{\"first_name\":\"Herve\",\"last_name\":\"Tyler\",\"gender\":\"Male\",\"address\":{\"street\":\"88707 Daystar Street\",\"city\":\"Tigil’\",\"country\":\"Russia\"}}","updated":"2021-12-14T23:15:43.375Z"}
{"customer_id":"C01581","profile":"{\"first_name\":\"Currie\",\"last_name\":\"Tym\",\"gender\":\"Male\",\"address\":{\"street\":\"623 Everett Point\",\"city\":\"Lingxi\",\"country\":\"China\"}}","updated":"2021-12-14T23:15:43.375Z"}
{"customer_id":"C01582","email":"muccello5r@yelp.com","profile":"{\"first_name\":\"Melessa\",\"last_name\":\"Uccello\",\"gender\":\"Female\",\"address\":{\"street\":\"9112 Kropf Lane\",\"city\":\"Pécs\",\"country\":\"Hungary\"}}","updated":"2021-12-14T23:15:43.375Z"}
{"customer_id":"C01583","email":"gudie76@time.com","profile":"{\"first_name\":\"Geralda\",\"last_name\":\"Udie\",\"gender\":\"Female\",\"address\":{\"street\":\"6555 Colorado Lane\",\"city\":\"Nara\",\"country\":\"Mali\"}}","updated":"2021-12-14T23:15:43.375Z"}
{"customer_id":"C01584","email":"rullockeq@cam.ac.uk","profile":"{\"first_name\":\"Ravid\",\"last_name\":\"Ullock\",\"gender\":\"Male\",\"address\":{\"street\":\"73 Forster Pass\",\"city\":\"Tafí del Valle\",\"country\":\"Argentina\"}}","updated":"2021-12-14T23:15:43.375Z"}
{"customer_id":"C01585","email":"sulyatls@marketwatch.com","profile":"{\"first_name\":\"Sherie\",\"last_name\":\"Ulyat\",\"gender\":\"Female\",\"address\":{\"street\":\"84763 Ridge Oak Drive\",\"city\":\"Junshan\",\"country\":\"China\"}}","updated":"2021-12-14T23:15:43.375Z"}
{"customer_id":"C01586","profile":"{\"first_name\":\"Doretta\",\"last_name\":\"Umbers\",\"gender\":\"Female\",\"address\":{\"street\":\"51593 Hollow Ridge Lane\",\"city\":\"Koshigaya\",\"country\":\"Japan\"}}","updated":"2021-12-14T23:15:43.375Z"}
{"customer_id":"C01587","profile":"{\"first_name\":\"Giselle\",\"last_name\":\"Unstead\",\"gender\":\"Female\",\"address\":{\"street\":\"52845 Darwin Way\",\"city\":\"Sukasari\",\"country\":\"Indonesia\"}}","updated":"2021-12-14T23:15:43.375Z"}
{"customer_id":"C01588","profile":"{\"first_name\":\"Mollie\",\"last_name\":\"Vaar\",\"gender\":\"Female\",\"address\":{\"street\":\"14 Walton Road\",\"city\":\"Gialo\",\"country\":\"Libya\"}}","updated":"2021-12-14T23:15:43.375Z"}
{"customer_id":"C01589","profile":"{\"first_name\":\"Arlina\",\"last_name\":\"Valero\",\"gender\":\"Female\",\"address\":{\"street\":\"75106 Cottonwood Drive\",\"city\":\"Kafr Sawm\",\"country\":\"Jordan\"}}","updated":"2021-12-14T23:15:43.375Z"}
{"customer_id":"C01590","profile":"{\"first_name\":\"Fee\",\"last_name\":\"Van Castele\",\"gender\":\"Male\",\"address\":{\"street\":\"553 Stuart Place\",\"city\":\"San Agustín de Valle Fértil\",\"country\":\"Argentina\"}}","updated":"2021-12-14T23:15:43.375Z"}
{"customer_id":"C01591","email":"svanthoog68@ezinearticles.com","profile":"{\"first_name\":\"Silva\",\"last_name\":\"Van T'Hoog\",\"gender\":\"Female\",\"address\":{\"street\":\"20106 Southridge Junction\",\"city\":\"Montpellier\",\"country\":\"France\"}}","updated":"2021-12-14T23:15:43.375Z"}
{"customer_id":"C01592","email":"dvanlint6m@ox.ac.uk","profile":"{\"first_name\":\"Douglas\",\"last_name\":\"Vanlint\",\"gender\":\"Male\",\"address\":{\"street\":\"7415 Sage Court\",\"city\":\"Wiri\",\"country\":\"New Zealand\"}}","updated":"2021-12-14T23:15:43.375Z"}
{"customer_id":"C01593","email":"gvannuchiiw@salon.com","profile":"{\"first_name\":\"Giustina\",\"last_name\":\"Vannuchi\",\"gender\":\"Female\",\"address\":{\"street\":\"985 Mockingbird Pass\",\"city\":\"Huai Yot\",\"country\":\"Thailand\"}}","updated":"2021-12-14T23:15:43.375Z"}
{"customer_id":"C01594","email":"gvanyarkinhw@mapquest.com","profile":"{\"first_name\":\"Garold\",\"last_name\":\"Vanyarkin\",\"gender\":\"Male\",\"address\":{\"street\":\"961 Walton Drive\",\"city\":\"Lafayette\",\"country\":\"United States\"}}","updated":"2021-12-14T23:15:43.375Z"}
{"customer_id":"C01595","profile":"{\"first_name\":\"Reidar\",\"last_name\":\"Varcoe\",\"gender\":\"Polygender\",\"address\":{\"street\":\"9 Dahle Crossing\",\"city\":\"Dallas\",\"country\":\"United States\"}}","updated":"2021-12-14T23:15:43.375Z"}
{"customer_id":"C01596","email":"zvardeyo0@storify.com","profile":"{\"first_name\":\"Zsazsa\",\"last_name\":\"Vardey\",\"gender\":\"Female\",\"address\":{\"street\":\"019 Cordelia Circle\",\"city\":\"Novyy Urgal\",\"country\":\"Russia\"}}","updated":"2021-12-14T23:15:43.375Z"}
{"customer_id":"C01597","email":"dvariandk@youtube.com","profile":"{\"first_name\":\"Donia\",\"last_name\":\"Varian\",\"gender\":\"Female\",\"address\":{\"street\":\"1150 Monument Park\",\"city\":\"Murcia\",\"country\":\"Philippines\"}}","updated":"2021-12-14T23:15:43.375Z"}
{"customer_id":"C01598","email":"avasilmanov9e@360.cn","profile":"{\"first_name\":\"Anabel\",\"last_name\":\"Vasilmanov\",\"gender\":\"Female\",\"address\":{\"street\":\"6736 Esch Way\",\"city\":\"Ambanja\",\"country\":\"Madagascar\"}}","updated":"2021-12-14T23:15:43.375Z"}
{"customer_id":"C01599","email":"vvaskin78@google.co.jp","profile":"{\"first_name\":\"Vaclav\",\"last_name\":\"Vaskin\",\"gender\":\"Male\",\"address\":{\"street\":\"6 Fallview Way\",\"city\":\"Jianggezhuang\",\"country\":\"China\"}}","updated":"2021-12-14T23:15:43.375Z"}
{"customer_id":"C01600","email":"tvasyutochkinoz@hhs.gov","profile":"{\"first_name\":\"Tonia\",\"last_name\":\"Vasyutochkin\",\"gender\":\"Female\",\"address\":{\"street\":\"4 Fuller Avenue\",\"city\":\"Villa Cañás\",\"country\":\"Argentina\"}}","updated":"2021-12-14T23:15:43.375Z"}
{"customer_id":"C01601","profile":"{\"first_name\":\"Denyse\",\"last_name\":\"Vearncombe\",\"gender\":\"Non-binary\",\"address\":{\"street\":\"97399 Jana Circle\",\"city\":\"Dangshun\",\"country\":\"China\"}}","updated":"2021-12-14T23:15:43.375Z"}
{"customer_id":"C01602","email":"hvereckerbn@go.com","profile":"{\"first_name\":\"Harli\",\"last_name\":\"Verecker\",\"gender\":\"Agender\",\"address\":{\"street\":\"7 Shelley Pass\",\"city\":\"Yongfu\",\"country\":\"China\"}}","updated":"2021-12-14T23:15:43.375Z"}
{"customer_id":"C01603","email":"jverillo2l@jigsy.com","profile":"{\"first_name\":\"Janos\",\"last_name\":\"Verillo\",\"gender\":\"Male\",\"address\":{\"street\":\"21653 Corscot Way\",\"city\":\"Itigi\",\"country\":\"Tanzania\"}}","updated":"2021-12-14T23:15:43.375Z"}
{"customer_id":"C01604","profile":"{\"first_name\":\"Alma\",\"last_name\":\"Verner\",\"gender\":\"Female\",\"address\":{\"street\":\"434 Corben Hill\",\"city\":\"Santa Marta de Penaguião\",\"country\":\"Portugal\"}}","updated":"2021-12-14T23:15:43.375Z"}
{"customer_id":"C01605","email":"rvernongx@a8.net","profile":"{\"first_name\":\"Rossy\",\"last_name\":\"Vernon\",\"gender\":\"Male\",\"address\":{\"street\":\"58020 Lillian Lane\",\"city\":\"Parion\",\"country\":\"Philippines\"}}","updated":"2021-12-14T23:15:43.375Z"}
{"customer_id":"C01606","profile":"{\"first_name\":\"Madlin\",\"last_name\":\"Veryan\",\"gender\":\"Female\",\"address\":{\"street\":\"820 Arapahoe Place\",\"city\":\"Loa Janan\",\"country\":\"Indonesia\"}}","updated":"2021-12-14T23:15:43.375Z"}
{"customer_id":"C01607","email":"kvickar55@delicious.com","profile":"{\"first_name\":\"Korey\",\"last_name\":\"Vickar\",\"gender\":\"Male\",\"address\":{\"street\":\"2349 Milwaukee Road\",\"city\":\"Yuanjiazhuang\",\"country\":\"China\"}}","updated":"2021-12-14T23:15:43.375Z"}
{"customer_id":"C01608","email":"gvidineevhu@vistaprint.com","profile":"{\"first_name\":\"Granger\",\"last_name\":\"Vidineev\",\"gender\":\"Male\",\"address\":{\"street\":\"11 Iowa Junction\",\"city\":\"Shangdundu\",\"country\":\"China\"}}","updated":"2021-12-14T23:15:43.375Z"}
{"customer_id":"C01609","email":"nvillefl@unc.edu","profile":"{\"first_name\":\"Nerita\",\"last_name\":\"Ville\",\"gender\":\"Female\",\"address\":{\"street\":\"1442 Beilfuss Lane\",\"city\":\"Tulay\",\"country\":\"Philippines\"}}","updated":"2021-12-14T23:15:43.375Z"}
{"customer_id":"C01610","profile":"{\"first_name\":\"Emylee\",\"last_name\":\"Vinck\",\"gender\":\"Agender\",\"address\":{\"street\":\"06 Spohn Hill\",\"city\":\"Ormož\",\"country\":\"Slovenia\"}}","updated":"2021-12-14T23:15:43.375Z"}
{"customer_id":"C01611","email":"mvinsen25@ucsd.edu","profile":"{\"first_name\":\"Mendie\",\"last_name\":\"Vinsen\",\"gender\":\"Male\",\"address\":{\"street\":\"55 Heath Court\",\"city\":\"Heřmanova Huť\",\"country\":\"Czech Republic\"}}","updated":"2021-12-14T23:15:43.375Z"}
{"customer_id":"C01612","profile":"{\"first_name\":\"Harmony\",\"last_name\":\"Vischi\",\"gender\":\"Genderfluid\",\"address\":{\"street\":\"68552 Buhler Point\",\"city\":\"Krzykosy\",\"country\":\"Poland\"}}","updated":"2021-12-14T23:15:43.375Z"}
{"customer_id":"C01613","email":"mvisick8w@cocolog-nifty.com","profile":"{\"first_name\":\"Manuel\",\"last_name\":\"Visick\",\"gender\":\"Male\",\"address\":{\"street\":\"32 Mcbride Park\",\"city\":\"Duayaw Nkwanta\",\"country\":\"Ghana\"}}","updated":"2021-12-14T23:15:43.375Z"}
{"customer_id":"C01614","email":"svobesia@edublogs.org","profile":"{\"first_name\":\"Saunders\",\"last_name\":\"Vobes\",\"gender\":\"Male\",\"address\":{\"street\":\"9 Bluestem Street\",\"city\":\"Parrsboro\",\"country\":\"Canada\"}}","updated":"2021-12-14T23:15:43.375Z"}
{"customer_id":"C01615","email":"gvockinsev@army.mil","profile":"{\"first_name\":\"Gale\",\"last_name\":\"Vockins\",\"gender\":\"Male\",\"address\":{\"street\":\"5820 Havey Terrace\",\"city\":\"Fantino\",\"country\":\"Dominican Republic\"}}","updated":"2021-12-14T23:15:43.375Z"}
{"customer_id":"C01616","profile":"{\"first_name\":\"Jessika\",\"last_name\":\"Vollam\",\"gender\":\"Female\",\"address\":{\"street\":\"50894 Starling Road\",\"city\":\"Samir\",\"country\":\"Indonesia\"}}","updated":"2021-12-14T23:15:43.375Z"}
{"customer_id":"C01617","email":"mvonderempten15@surveymonkey.com","profile":"{\"first_name\":\"Melamie\",\"last_name\":\"Von Der Empten\",\"gender\":\"Female\",\"address\":{\"street\":\"08 Waxwing Avenue\",\"city\":\"Ouani\",\"country\":\"Comoros\"}}","updated":"2021-12-14T23:15:43.375Z"}
{"customer_id":"C01618","email":"svondraceka0@addthis.com","profile":"{\"first_name\":\"Silvain\",\"last_name\":\"Vondracek\",\"gender\":\"Male\",\"address\":{\"street\":\"7 South Terrace\",\"city\":\"San Antonio Aguas Calientes\",\"country\":\"Guatemala\"}}","updated":"2021-12-14T23:15:43.375Z"}
{"customer_id":"C01619","profile":"{\"first_name\":\"Rriocard\",\"last_name\":\"Vondrach\",\"gender\":\"Male\",\"address\":{\"street\":\"4 Raven Circle\",\"city\":\"La Oroya\",\"country\":\"Peru\"}}","updated":"2021-12-14T23:15:43.375Z"}
{"customer_id":"C01620","email":"fwaberz@issuu.com","profile":"{\"first_name\":\"Franz\",\"last_name\":\"Waber\",\"gender\":\"Male\",\"address\":{\"street\":\"4 Helena Point\",\"city\":\"Akhmīm\",\"country\":\"Egypt\"}}","updated":"2021-12-14T23:15:43.375Z"}
{"customer_id":"C01621","profile":"{\"first_name\":\"Orsa\",\"last_name\":\"Wabersich\",\"gender\":\"Female\",\"address\":{\"street\":\"81704 Mesta Point\",\"city\":\"Moholm\",\"country\":\"Sweden\"}}","updated":"2021-12-14T23:15:43.375Z"}
{"customer_id":"C01622","profile":"{\"first_name\":\"Jules\",\"last_name\":\"Wabey\",\"gender\":\"Non-binary\",\"address\":{\"street\":\"7 Union Street\",\"city\":\"Sanqiao\",\"country\":\"China\"}}","updated":"2021-12-14T23:15:43.375Z"}
{"customer_id":"C01623","email":"jwaddupch@phoca.cz","profile":"{\"first_name\":\"Jillayne\",\"last_name\":\"Waddup\",\"gender\":\"Female\",\"address\":{\"street\":\"60326 Graceland Point\",\"city\":\"Kajisara\",\"country\":\"Indonesia\"}}","updated":"2021-12-14T23:15:43.375Z"}
{"customer_id":"C01624","profile":"{\"first_name\":\"Tessa\",\"last_name\":\"Wade\",\"gender\":\"Female\",\"address\":{\"street\":\"420 Debs Center\",\"city\":\"Tarasovskiy\",\"country\":\"Russia\"}}","updated":"2021-12-14T23:15:43.375Z"}
{"customer_id":"C01625","email":"kwadelin4o@fda.gov","profile":"{\"first_name\":\"Kizzee\",\"last_name\":\"Wadelin\",\"gender\":\"Female\",\"address\":{\"street\":\"25619 Oak Valley Road\",\"city\":\"Mojo\",\"country\":\"Indonesia\"}}","updated":"2021-12-14T23:15:43.375Z"}
{"customer_id":"C01626","profile":"{\"first_name\":\"Larine\",\"last_name\":\"Wadeling\",\"gender\":\"Female\",\"address\":{\"street\":\"12 Russell Trail\",\"city\":\"Huadian\",\"country\":\"China\"}}","updated":"2021-12-14T23:15:43.375Z"}
{"customer_id":"C01627","profile":"{\"first_name\":\"Rog\",\"last_name\":\"Wahlberg\",\"gender\":\"Male\",\"address\":{\"street\":\"0 Esch Plaza\",\"city\":\"Fengyi\",\"country\":\"China\"}}","updated":"2021-12-14T23:15:43.375Z"}
{"customer_id":"C01628","email":"mwalentadb@wikipedia.org","profile":"{\"first_name\":\"Maison\",\"last_name\":\"Walenta\",\"gender\":\"Male\",\"address\":{\"street\":\"10 Jenifer Road\",\"city\":\"Margoyoso\",\"country\":\"Indonesia\"}}","updated":"2021-12-14T23:15:43.375Z"}
{"customer_id":"C01629","profile":"{\"first_name\":\"Haslett\",\"last_name\":\"Walicki\",\"gender\":\"Male\",\"address\":{\"street\":\"8899 Burrows Circle\",\"city\":\"Moijabana\",\"country\":\"Botswana\"}}","updated":"2021-12-14T23:15:43.375Z"}
{"customer_id":"C01630","email":"hwaliszewskirj@eventbrite.com","profile":"{\"first_name\":\"Heindrick\",\"last_name\":\"Waliszewski\",\"gender\":\"Male\",\"address\":{\"street\":\"7857 Morrow Parkway\",\"city\":\"Paderne\",\"country\":\"Portugal\"}}","updated":"2021-12-14T23:15:43.375Z"}
{"customer_id":"C01631","profile":"{\"first_name\":\"Gypsy\",\"last_name\":\"Waliszewski\",\"gender\":\"Female\",\"address\":{\"street\":\"6 Gale Avenue\",\"city\":\"São Sebastião do Caí\",\"country\":\"Brazil\"}}","updated":"2021-12-14T23:15:43.375Z"}
{"customer_id":"C01632","email":"twalkden3y@amazon.co.jp","profile":"{\"first_name\":\"Tressa\",\"last_name\":\"Walkden\",\"gender\":\"Genderfluid\",\"address\":{\"street\":\"49430 Hagan Junction\",\"city\":\"Kondangrege\",\"country\":\"Indonesia\"}}","updated":"2021-12-14T23:15:43.375Z"}
{"customer_id":"C01633","profile":"{\"first_name\":\"Gabi\",\"last_name\":\"Wallbutton\",\"gender\":\"Female\",\"address\":{\"street\":\"8 Carey Alley\",\"city\":\"Noda\",\"country\":\"Japan\"}}","updated":"2021-12-14T23:15:43.375Z"}
{"customer_id":"C01634","profile":"{\"first_name\":\"Zabrina\",\"last_name\":\"Waller\",\"gender\":\"Female\",\"address\":{\"street\":\"7156 Hansons Center\",\"city\":\"Pancalan\",\"country\":\"Indonesia\"}}","updated":"2021-12-14T23:15:43.375Z"}
{"customer_id":"C01635","email":"kwallettog@slate.com","profile":"{\"first_name\":\"Konstantin\",\"last_name\":\"Wallett\",\"gender\":\"Male\",\"address\":{\"street\":\"4 Schurz Circle\",\"city\":\"Pil’na\",\"country\":\"Russia\"}}","updated":"2021-12-14T23:15:43.375Z"}
{"customer_id":"C01636","email":"kwalleyiz@soundcloud.com","profile":"{\"first_name\":\"Katharine\",\"last_name\":\"Walley\",\"gender\":\"Female\",\"address\":{\"street\":\"2483 Carpenter Street\",\"city\":\"Jincheng\",\"country\":\"China\"}}","updated":"2021-12-14T23:15:43.375Z"}
{"customer_id":"C01637","email":"mwallshd@oracle.com","profile":"{\"first_name\":\"Margit\",\"last_name\":\"Walls\",\"gender\":\"Female\",\"address\":{\"street\":\"36 Farmco Hill\",\"city\":\"Puchong\",\"country\":\"Malaysia\"}}","updated":"2021-12-14T23:15:43.375Z"}
{"customer_id":"C01638","email":"lwallworkehr@toplist.cz","profile":"{\"first_name\":\"Lisbeth\",\"last_name\":\"Wallworke\",\"gender\":\"Female\",\"address\":{\"street\":\"28690 Prairie Rose Crossing\",\"city\":\"Pedra Azul\",\"country\":\"Brazil\"}}","updated":"2021-12-14T23:15:43.375Z"}
{"customer_id":"C01639","profile":"{\"first_name\":\"Lorita\",\"last_name\":\"Walter\",\"gender\":\"Agender\",\"address\":{\"street\":\"568 Declaration Road\",\"city\":\"Lantera\",\"country\":\"Indonesia\"}}","updated":"2021-12-14T23:15:43.375Z"}
{"customer_id":"C01640","email":"awanleykh@mapy.cz","profile":"{\"first_name\":\"Allegra\",\"last_name\":\"Wanley\",\"gender\":\"Female\",\"address\":{\"street\":\"263 Columbus Center\",\"city\":\"Angers\",\"country\":\"France\"}}","updated":"2021-12-14T23:15:43.375Z"}
{"customer_id":"C01641","email":"iwarenk4@dailymail.co.uk","profile":"{\"first_name\":\"Iseabal\",\"last_name\":\"Waren\",\"gender\":\"Female\",\"address\":{\"street\":\"738 Carey Road\",\"city\":\"Otavalo\",\"country\":\"Ecuador\"}}","updated":"2021-12-14T23:15:43.375Z"}
{"customer_id":"C01642","profile":"{\"first_name\":\"Rip\",\"last_name\":\"Wasiela\",\"gender\":\"Male\",\"address\":{\"street\":\"671 Monica Crossing\",\"city\":\"Kagoro\",\"country\":\"Nigeria\"}}","updated":"2021-12-14T23:15:43.375Z"}
{"customer_id":"C01643","profile":"{\"first_name\":\"Bibbie\",\"last_name\":\"Wastie\",\"gender\":\"Non-binary\",\"address\":{\"street\":\"09185 Kenwood Way\",\"city\":\"San Rafael\",\"country\":\"Philippines\"}}","updated":"2021-12-14T23:15:43.375Z"}
{"customer_id":"C01644","email":"cwaterhousl7@blogspot.com","profile":"{\"first_name\":\"Carlo\",\"last_name\":\"Waterhous\",\"gender\":\"Male\",\"address\":{\"street\":\"8 Hermina Park\",\"city\":\"Las Carreras\",\"country\":\"Bolivia\"}}","updated":"2021-12-14T23:15:43.375Z"}
{"customer_id":"C01645","email":"swatkinsfq@home.pl","profile":"{\"first_name\":\"Shirl\",\"last_name\":\"Watkins\",\"gender\":\"Female\",\"address\":{\"street\":\"616 Lukken Terrace\",\"city\":\"Zerkten\",\"country\":\"Morocco\"}}","updated":"2021-12-14T23:15:43.375Z"}
{"customer_id":"C01646","email":"lwaumsleyba@sogou.com","profile":"{\"first_name\":\"La verne\",\"last_name\":\"Waumsley\",\"gender\":\"Female\",\"address\":{\"street\":\"3659 Swallow Alley\",\"city\":\"Linköping\",\"country\":\"Sweden\"}}","updated":"2021-12-14T23:15:43.375Z"}
{"customer_id":"C01647","email":"swedon3i@webeden.co.uk","profile":"{\"first_name\":\"Stanly\",\"last_name\":\"Wedon\",\"gender\":\"Male\",\"address\":{\"street\":\"39502 Morningstar Plaza\",\"city\":\"Vimmerby\",\"country\":\"Sweden\"}}","updated":"2021-12-14T23:15:43.375Z"}
{"customer_id":"C01648","email":"cweedonb6@gmpg.org","profile":"{\"first_name\":\"Codie\",\"last_name\":\"Weedon\",\"gender\":\"Female\",\"address\":{\"street\":\"9659 Banding Hill\",\"city\":\"Ganyesa\",\"country\":\"South Africa\"}}","updated":"2021-12-14T23:15:43.375Z"}
{"customer_id":"C01649","email":"ewellardae@miitbeian.gov.cn","profile":"{\"first_name\":\"Ermina\",\"last_name\":\"Wellard\",\"gender\":\"Female\",\"address\":{\"street\":\"7479 Dennis Avenue\",\"city\":\"Kap Choeng\",\"country\":\"Thailand\"}}","updated":"2021-12-14T23:15:43.375Z"}
{"customer_id":"C01650","profile":"{\"first_name\":\"Ash\",\"last_name\":\"Wellum\",\"gender\":\"Male\",\"address\":{\"street\":\"45 Sycamore Crossing\",\"city\":\"Lago\",\"country\":\"Sierra Leone\"}}","updated":"2021-12-14T23:15:43.375Z"}
{"customer_id":"C01651","profile":"{\"first_name\":\"Cordi\",\"last_name\":\"Wenn\",\"gender\":\"Female\",\"address\":{\"street\":\"77 Vermont Plaza\",\"city\":\"Itapira\",\"country\":\"Brazil\"}}","updated":"2021-12-14T23:15:43.375Z"}
{"customer_id":"C01652","profile":"{\"first_name\":\"Marissa\",\"last_name\":\"Westgate\",\"gender\":\"Female\",\"address\":{\"street\":\"6 Marquette Avenue\",\"city\":\"Oslo\",\"country\":\"Norway\"}}","updated":"2021-12-14T23:15:43.375Z"}
{"customer_id":"C01653","profile":"{\"first_name\":\"Duky\",\"last_name\":\"Whalley\",\"gender\":\"Male\",\"address\":{\"street\":\"0 Lukken Way\",\"city\":\"Tunal\",\"country\":\"Peru\"}}","updated":"2021-12-14T23:15:43.375Z"}
{"customer_id":"C01654","email":"wwharltonai@omniture.com","profile":"{\"first_name\":\"Whitaker\",\"last_name\":\"Wharlton\",\"gender\":\"Male\",\"address\":{\"street\":\"6452 Rowland Place\",\"city\":\"San Teodoro\",\"country\":\"Philippines\"}}","updated":"2021-12-14T23:15:43.375Z"}
{"customer_id":"C01655","email":"jwheadone1@pen.io","profile":"{\"first_name\":\"Joseito\",\"last_name\":\"Wheadon\",\"gender\":\"Male\",\"address\":{\"street\":\"95231 Manufacturers Place\",\"city\":\"Mzimba\",\"country\":\"Malawi\"}}","updated":"2021-12-14T23:15:43.375Z"}
{"customer_id":"C01656","profile":"{\"first_name\":\"Sandro\",\"last_name\":\"Whellams\",\"gender\":\"Male\",\"address\":{\"street\":\"090 Lakewood Gardens Pass\",\"city\":\"Potrerillos\",\"country\":\"Honduras\"}}","updated":"2021-12-14T23:15:43.375Z"}
{"customer_id":"C01657","email":"swhitsun9c@hhs.gov","profile":"{\"first_name\":\"Spenser\",\"last_name\":\"Whitsun\",\"gender\":\"Male\",\"address\":{\"street\":\"518 Calypso Way\",\"city\":\"Saint-Jean-de-Braye\",\"country\":\"France\"}}","updated":"2021-12-14T23:15:43.375Z"}
{"customer_id":"C01658","email":"lwhittaker7o@adobe.com","profile":"{\"first_name\":\"Layton\",\"last_name\":\"Whittaker\",\"gender\":\"Male\",\"address\":{\"street\":\"24 Carey Hill\",\"city\":\"Shiziling\",\"country\":\"China\"}}","updated":"2021-12-14T23:15:43.375Z"}
{"customer_id":"C01659","profile":"{\"first_name\":\"Laurice\",\"last_name\":\"Whorton\",\"gender\":\"Female\",\"address\":{\"street\":\"23 Swallow Lane\",\"city\":\"Solo\",\"country\":\"Philippines\"}}","updated":"2021-12-14T23:15:43.375Z"}
{"customer_id":"C01660","profile":"{\"first_name\":\"Moise\",\"last_name\":\"Wicks\",\"gender\":\"Male\",\"address\":{\"street\":\"284 Buena Vista Trail\",\"city\":\"Buôn Ma Thuột\",\"country\":\"Vietnam\"}}","updated":"2021-12-14T23:15:43.375Z"}
{"customer_id":"C01661","email":"iwiffill7o@e-recht24.de","profile":"{\"first_name\":\"Isidor\",\"last_name\":\"Wiffill\",\"gender\":\"Male\",\"address\":{\"street\":\"49 Rockefeller Parkway\",\"city\":\"Yezhou\",\"country\":\"China\"}}","updated":"2021-12-14T23:15:43.375Z"}
{"customer_id":"C01662","email":"swilber7n@ycombinator.com","profile":"{\"first_name\":\"Si\",\"last_name\":\"Wilber\",\"gender\":\"Male\",\"address\":{\"street\":\"22047 Starling Point\",\"city\":\"Sacramento\",\"country\":\"United States\"}}","updated":"2021-12-14T23:15:43.375Z"}
{"customer_id":"C01663","email":"jwildeneg@forbes.com","profile":"{\"first_name\":\"Jorie\",\"last_name\":\"Wilden\",\"gender\":\"Female\",\"address\":{\"street\":\"17 2nd Street\",\"city\":\"Chư Ty\",\"country\":\"Vietnam\"}}","updated":"2021-12-14T23:15:43.375Z"}
{"customer_id":"C01664","email":"jwiley9n@cpanel.net","profile":"{\"first_name\":\"Jamill\",\"last_name\":\"Wiley\",\"gender\":\"Male\",\"address\":{\"street\":\"42 Commercial Plaza\",\"city\":\"Maloyaroslavets\",\"country\":\"Russia\"}}","updated":"2021-12-14T23:15:43.375Z"}
{"customer_id":"C01665","email":"dwilshire6p@blogs.com","profile":"{\"first_name\":\"Deloria\",\"last_name\":\"Wilshire\",\"gender\":\"Female\",\"address\":{\"street\":\"08 Banding Parkway\",\"city\":\"Kroya\",\"country\":\"Indonesia\"}}","updated":"2021-12-14T23:15:43.375Z"}
{"customer_id":"C01666","profile":"{\"first_name\":\"Alicea\",\"last_name\":\"Winborn\",\"gender\":\"Female\",\"address\":{\"street\":\"1818 Briar Crest Court\",\"city\":\"Moravský Beroun\",\"country\":\"Czech Republic\"}}","updated":"2021-12-14T23:15:43.375Z"}
{"customer_id":"C01667","email":"fwindressi5@lycos.com","profile":"{\"first_name\":\"Fairlie\",\"last_name\":\"Windress\",\"gender\":\"Male\",\"address\":{\"street\":\"202 Claremont Alley\",\"city\":\"Grzmiąca\",\"country\":\"Poland\"}}","updated":"2021-12-14T23:15:43.375Z"}
{"customer_id":"C01668","email":"dwindrumhh@patch.com","profile":"{\"first_name\":\"Dannie\",\"last_name\":\"Windrum\",\"gender\":\"Female\",\"address\":{\"street\":\"963 School Hill\",\"city\":\"Arzakan\",\"country\":\"Armenia\"}}","updated":"2021-12-14T23:15:43.375Z"}
{"customer_id":"C01669","profile":"{\"first_name\":\"Tedi\",\"last_name\":\"Winfindine\",\"gender\":\"Female\",\"address\":{\"street\":\"32189 Ilene Circle\",\"city\":\"Honolulu\",\"country\":\"United States\"}}","updated":"2021-12-14T23:15:43.375Z"}
{"customer_id":"C01670","email":"cwinhamgk@rediff.com","profile":"{\"first_name\":\"Cassie\",\"last_name\":\"Winham\",\"gender\":\"Male\",\"address\":{\"street\":\"6 Grayhawk Plaza\",\"city\":\"Shin’ichi\",\"country\":\"Japan\"}}","updated":"2021-12-14T23:15:43.375Z"}
{"customer_id":"C01671","profile":"{\"first_name\":\"Berrie\",\"last_name\":\"Wink\",\"gender\":\"Agender\",\"address\":{\"street\":\"9215 Bartillon Crossing\",\"city\":\"Kotor\",\"country\":\"Montenegro\"}}","updated":"2021-12-14T23:15:43.375Z"}
{"customer_id":"C01672","profile":"{\"first_name\":\"Linn\",\"last_name\":\"Winspear\",\"gender\":\"Female\",\"address\":{\"street\":\"553 Tennyson Street\",\"city\":\"Madura\",\"country\":\"Indonesia\"}}","updated":"2021-12-14T23:15:43.375Z"}
{"customer_id":"C01673","profile":"{\"first_name\":\"Werner\",\"last_name\":\"Winyard\",\"gender\":\"Male\",\"address\":{\"street\":\"0 Green Ridge Trail\",\"city\":\"Akhtopol\",\"country\":\"Bulgaria\"}}","updated":"2021-12-14T23:15:43.375Z"}
{"customer_id":"C01674","profile":"{\"first_name\":\"Enrico\",\"last_name\":\"Wisker\",\"gender\":\"Male\",\"address\":{\"street\":\"0481 Donald Junction\",\"city\":\"Pridonskoy\",\"country\":\"Russia\"}}","updated":"2021-12-14T23:15:43.375Z"}
{"customer_id":"C01675","email":"ewitcombebc@dailymail.co.uk","profile":"{\"first_name\":\"Ellery\",\"last_name\":\"Witcombe\",\"gender\":\"Male\",\"address\":{\"street\":\"177 Truax Place\",\"city\":\"Malaba\",\"country\":\"Kenya\"}}","updated":"2021-12-14T23:15:43.375Z"}
{"customer_id":"C01676","profile":"{\"first_name\":\"Holt\",\"last_name\":\"Wittleton\",\"gender\":\"Male\",\"address\":{\"street\":\"9729 Hermina Junction\",\"city\":\"Xiangyun\",\"country\":\"China\"}}","updated":"2021-12-14T23:15:43.375Z"}
{"customer_id":"C01677","email":"dwixey3x@sciencedirect.com","profile":"{\"first_name\":\"Dyann\",\"last_name\":\"Wixey\",\"gender\":\"Female\",\"address\":{\"street\":\"53277 Bellgrove Center\",\"city\":\"Huzhen\",\"country\":\"China\"}}","updated":"2021-12-14T23:15:43.375Z"}
{"customer_id":"C01678","email":"rwoakes5t@kickstarter.com","profile":"{\"first_name\":\"Raquel\",\"last_name\":\"Woakes\",\"gender\":\"Agender\",\"address\":{\"street\":\"506 Merry Place\",\"city\":\"Novi Šeher\",\"country\":\"Bosnia and Herzegovina\"}}","updated":"2021-12-14T23:15:43.375Z"}
{"customer_id":"C01679","email":"hwofenden5g@npr.org","profile":"{\"first_name\":\"Hedy\",\"last_name\":\"Wofenden\",\"gender\":\"Female\",\"address\":{\"street\":\"6 Killdeer Crossing\",\"city\":\"Xianshuigu\",\"country\":\"China\"}}","updated":"2021-12-14T23:15:43.375Z"}
{"customer_id":"C01680","email":"twoolandra@seattletimes.com","profile":"{\"first_name\":\"Torrin\",\"last_name\":\"Wooland\",\"gender\":\"Male\",\"address\":{\"street\":\"0 Artisan Lane\",\"city\":\"Kirkkonummi\",\"country\":\"Finland\"}}","updated":"2021-12-14T23:15:43.375Z"}
{"customer_id":"C01681","profile":"{\"first_name\":\"Meghan\",\"last_name\":\"Wroe\",\"gender\":\"Female\",\"address\":{\"street\":\"1705 Eagle Crest Hill\",\"city\":\"Sangallaya\",\"country\":\"Peru\"}}","updated":"2021-12-14T23:15:43.375Z"}
{"customer_id":"C01682","email":"vwycliff8z@nyu.edu","profile":"{\"first_name\":\"Vinny\",\"last_name\":\"Wycliff\",\"gender\":\"Male\",\"address\":{\"street\":\"8 Upham Terrace\",\"city\":\"Vale da Pedra\",\"country\":\"Portugal\"}}","updated":"2021-12-14T23:15:43.375Z"}
{"customer_id":"C01683","profile":"{\"first_name\":\"Ferrel\",\"last_name\":\"Wyeth\",\"gender\":\"Male\",\"address\":{\"street\":\"9 Annamark Road\",\"city\":\"Catarman\",\"country\":\"Philippines\"}}","updated":"2021-12-14T23:15:43.375Z"}
{"customer_id":"C01684","email":"cyacobfm@creativecommons.org","profile":"{\"first_name\":\"Caspar\",\"last_name\":\"Yacob\",\"gender\":\"Male\",\"address\":{\"street\":\"60 Hudson Place\",\"city\":\"Belfort\",\"country\":\"France\"}}","updated":"2021-12-14T23:15:43.375Z"}
{"customer_id":"C01685","email":"cyardyaw@moonfruit.com","profile":"{\"first_name\":\"Camila\",\"last_name\":\"Yardy\",\"gender\":\"Female\",\"address\":{\"street\":\"2 Monica Center\",\"city\":\"Allkaj\",\"country\":\"Albania\"}}","updated":"2021-12-14T23:15:43.375Z"}
{"customer_id":"C01686","email":"ayearnhp@usa.gov","profile":"{\"first_name\":\"Arleta\",\"last_name\":\"Yearn\",\"gender\":\"Female\",\"address\":{\"street\":\"703 Laurel Alley\",\"city\":\"Catriel\",\"country\":\"Argentina\"}}","updated":"2021-12-14T23:15:43.375Z"}
{"customer_id":"C01687","email":"ayellandey@wix.com","profile":"{\"first_name\":\"Amabelle\",\"last_name\":\"Yelland\",\"gender\":\"Female\",\"address\":{\"street\":\"50 Moland Place\",\"city\":\"Lidköping\",\"country\":\"Sweden\"}}","updated":"2021-12-14T23:15:43.375Z"}
{"customer_id":"C01688","profile":"{\"first_name\":\"Deana\",\"last_name\":\"Yoodall\",\"gender\":\"Female\",\"address\":{\"street\":\"24 Fisk Park\",\"city\":\"Pangantocan\",\"country\":\"Philippines\"}}","updated":"2021-12-14T23:15:43.375Z"}
{"customer_id":"C01689","profile":"{\"first_name\":\"Mari\",\"last_name\":\"Youll\",\"gender\":\"Female\",\"address\":{\"street\":\"14068 Ramsey Drive\",\"city\":\"Huji\",\"country\":\"China\"}}","updated":"2021-12-14T23:15:43.375Z"}
{"customer_id":"C01690","email":"yyoungmanf6@digg.com","profile":"{\"first_name\":\"Yoko\",\"last_name\":\"Youngman\",\"gender\":\"Female\",\"address\":{\"street\":\"185 Hauk Center\",\"city\":\"Žiežmariai\",\"country\":\"Lithuania\"}}","updated":"2021-12-14T23:15:43.375Z"}
{"customer_id":"C01691","profile":"{\"first_name\":\"Margret\",\"last_name\":\"Yoxall\",\"gender\":\"Female\",\"address\":{\"street\":\"868 Dakota Street\",\"city\":\"Camp Diable\",\"country\":\"Mauritius\"}}","updated":"2021-12-14T23:15:43.375Z"}
{"customer_id":"C01692","profile":"{\"first_name\":\"Jobyna\",\"last_name\":\"Zeplin\",\"gender\":\"Female\",\"address\":{\"street\":\"6736 Dayton Court\",\"city\":\"Khosta\",\"country\":\"Russia\"}}","updated":"2021-12-14T23:15:43.375Z"}
{"customer_id":"C01693","email":"azienkiewiczah@vk.com","profile":"{\"first_name\":\"Adrea\",\"last_name\":\"Zienkiewicz\",\"gender\":\"Female\",\"address\":{\"street\":\"320 Eastlawn Pass\",\"city\":\"Anjani Barat\",\"country\":\"Indonesia\"}}","updated":"2021-12-14T23:15:43.375Z"}
{"customer_id":"C01694","email":"azimmerman93@macromedia.com","profile":"{\"first_name\":\"Aymer\",\"last_name\":\"Zimmerman\",\"gender\":\"Male\",\"address\":{\"street\":\"080 Reindahl Center\",\"city\":\"Xiping\",\"country\":\"China\"}}","updated":"2021-12-14T23:15:43.375Z"}
{"customer_id":"C01695","email":"szoanemv@addthis.com","profile":"{\"first_name\":\"Stan\",\"last_name\":\"Zoane\",\"gender\":\"Male\",\"address\":{\"street\":\"95 Victoria Circle\",\"city\":\"Candelaria\",\"country\":\"Philippines\"}}","updated":"2021-12-14T23:15:43.375Z"}
{"customer_id":"C01696","profile":"{\"first_name\":\"Earvin\",\"last_name\":\"Zouch\",\"gender\":\"Male\",\"address\":{\"street\":\"8 Gina Drive\",\"city\":\"Youlongchuan\",\"country\":\"China\"}}","updated":"2021-12-14T23:15:43.375Z"}
{"customer_id":"C01697","email":"fdekeyser7i@odnoklassniki.ru","profile":"{\"first_name\":\"Fulvia\",\"last_name\":\"de Keyser\",\"gender\":\"Female\",\"address\":{\"street\":\"617 Mesta Trail\",\"city\":\"Mílos\",\"country\":\"Greece\"}}","updated":"2021-12-14T23:15:43.375Z"}
{"customer_id":"C01698","profile":"{\"first_name\":\"Domenico\",\"last_name\":\"de Quincey\",\"gender\":\"Male\",\"address\":{\"street\":\"9074 Lyons Circle\",\"city\":\"Capas\",\"country\":\"Philippines\"}}","updated":"2021-12-14T23:15:43.375Z"}
{"customer_id":"C01699","email":"lffrenchbeytaghb7@drupal.org","profile":"{\"first_name\":\"Lucienne\",\"last_name\":\"ffrench Beytagh\",\"gender\":\"Female\",\"address\":{\"street\":\"8 Dexter Avenue\",\"city\":\"Barurao\",\"country\":\"Philippines\"}}","updated":"2021-12-14T23:15:43.375Z"}
{"customer_id":"C01700","email":"mtodorj8@last.fm","profile":"{\"first_name\":\"Mandy\",\"last_name\":\"todor\",\"gender\":\"Female\",\"address\":{\"street\":\"223 Fair Oaks Terrace\",\"city\":\"Den Chai\",\"country\":\"Thailand\"}}","updated":"2021-12-14T23:15:43.375Z"}